商品ID,商品名称,类别,描述,价格,销量,评分,库存,上架时间,用户评论
P861267,洽洽 休闲零食 新款,休闲零食,三只松鼠 休闲零食，精选优质材料，适合各类人群使用。,973.35,20,5.0,719,2025-06-26,质量很好，非常满意
P136159,苹果 吸尘器 青春版,吸尘器,新款知名品牌 吸尘器，采用先进工艺，品质保证。,500.34,4576,4.5,449,2025-05-18,性价比高，值得购买
P988955,vivo 电饭煲 经典款,电饭煲,新款知名品牌 电饭煲，采用先进工艺，品质保证。,54.14,11699,3.5,906,2024-09-20,和描述的一致，不错
P453856,vivo 电饭煲 经典款,电饭煲,知名品牌出品电饭煲，深受消费者喜爱，口碑之选。,813.01,4138,4.5,101,2024-12-10,用起来很方便，推荐
P931406,苹果 牛奶 青春版,牛奶,知名品牌出品牛奶，深受消费者喜爱，口碑之选。,981.52,1344,4.0,413,2024-02-05,质量很好，非常满意
P729221,小米 婴儿奶粉 经典款,婴儿奶粉,知名品牌 婴儿奶粉，精选优质材料，适合各类人群使用。,877.06,439,2.5,84,2024-02-13,不太符合预期
P268674,OPPO 智能手机 新款,智能手机,小米出品智能手机，深受消费者喜爱，口碑之选。,5633.32,128,4.5,454,2024-10-23,用起来很方便，推荐
P653333,华为 婴儿车 新款,婴儿车,新款知名品牌 婴儿车，采用先进工艺，品质保证。,490.26,158,5.0,515,2024-09-24,性价比高，值得购买
P361662,vivo 台灯 新款,台灯,知名品牌出品台灯，深受消费者喜爱，口碑之选。,329.73,33,2.0,434,2025-02-06,不太符合预期
P560991,华为 婴儿奶粉 Pro,婴儿奶粉,知名品牌 婴儿奶粉，精选优质材料，适合各类人群使用。,972.21,11,5.0,829,2024-10-20,质量很好，非常满意
P947726,小米 牛仔裤 经典款,牛仔裤,新款知名品牌 牛仔裤，采用先进工艺，品质保证。,426.87,3585,3.0,877,2024-10-07,有点小瑕疵，但总体还行
P443253,华为 防晒霜 Pro,防晒霜,知名品牌 防晒霜，精选优质材料，适合各类人群使用。,120.97,424,4.5,328,2024-12-05,用起来很方便，推荐
P200791,小米 口红 新款,口红,知名品牌出品口红，深受消费者喜爱，口碑之选。,281.73,3723,4.5,844,2025-03-08,性价比高，值得购买
P265378,苹果 女士连衣裙 Pro,女士连衣裙,知名品牌 女士连衣裙，精选优质材料，适合各类人群使用。,497.93,431,4.0,733,2024-01-28,用起来很方便，推荐
P507111,苹果 运动鞋 经典款,运动鞋,知名品牌出品运动鞋，深受消费者喜爱，口碑之选。,457.14,9098,4.5,36,2025-05-22,用起来很方便，推荐
P227489,华为 笔记本电脑 青春版,笔记本电脑,戴尔 笔记本电脑，精选优质材料，适合各类人群使用。,14806.1,2437,4.5,987,2023-09-14,质量很好，非常满意
P576271,小米 智能手表 青春版,智能手表,新款知名品牌 智能手表，采用先进工艺，品质保证。,2009.85,273,3.5,350,2024-06-09,和描述的一致，不错
P780908,小米 智能手表 青春版,智能手表,新款知名品牌 智能手表，采用先进工艺，品质保证。,2372.24,11067,4.5,106,2025-01-28,性价比高，值得购买
P699383,vivo 婴儿奶粉 Pro,婴儿奶粉,知名品牌出品婴儿奶粉，深受消费者喜爱，口碑之选。,101.82,151,4.5,256,2024-10-25,用起来很方便，推荐
P282363,苹果 台灯 青春版,台灯,新款知名品牌 台灯，采用先进工艺，品质保证。,338.9,1774,4.5,110,2024-06-02,质量很好，非常满意
P747474,小米 平板电脑 经典款,平板电脑,知名品牌 平板电脑，精选优质材料，适合各类人群使用。,2413.69,2482,5.0,794,2023-09-23,用起来很方便，推荐
P292033,华为 口红 Pro,口红,知名品牌出品口红，深受消费者喜爱，口碑之选。,375.16,333,3.0,203,2023-11-22,和描述的一致，不错
P932336,小米 牛奶 青春版,牛奶,知名品牌 牛奶，精选优质材料，适合各类人群使用。,953.34,1938,4.5,90,2023-11-19,用起来很方便，推荐
P988400,小米 婴儿奶粉 新款,婴儿奶粉,新款知名品牌 婴儿奶粉，采用先进工艺，品质保证。,147.44,202,4.5,446,2024-08-12,用起来很方便，推荐
P482622,兰蔻 保湿面霜 新款,保湿面霜,SK-II出品保湿面霜，深受消费者喜爱，口碑之选。,232.01,9402,4.0,670,2024-05-09,用起来很方便，推荐
P199691,苹果 台灯 新款,台灯,知名品牌 台灯，精选优质材料，适合各类人群使用。,667.79,347,4.5,905,2024-11-27,质量很好，非常满意
P547961,华为 防晒霜 Pro,防晒霜,知名品牌 防晒霜，精选优质材料，适合各类人群使用。,137.54,118,3.5,817,2025-05-31,有点小瑕疵，但总体还行
P261410,相宜本草 保湿面霜 Pro,保湿面霜,新款资生堂 保湿面霜，采用先进工艺，品质保证。,1703.21,1218,4.5,459,2024-03-17,性价比高，值得购买
P709401,OPPO 女士连衣裙 Pro,女士连衣裙,新款知名品牌 女士连衣裙，采用先进工艺，品质保证。,584.98,414,4.5,188,2024-12-12,用起来很方便，推荐
P749678,OPPO 吸尘器 新款,吸尘器,新款知名品牌 吸尘器，采用先进工艺，品质保证。,618.59,175,5.0,3,2024-03-31,质量很好，非常满意
P377986,vivo 口红 青春版,口红,新款知名品牌 口红，采用先进工艺，品质保证。,146.73,286,3.0,584,2024-07-18,和描述的一致，不错
P110642,联想 笔记本电脑 经典款,笔记本电脑,苹果出品笔记本电脑，深受消费者喜爱，口碑之选。,3994.8,1652,4.0,74,2025-01-16,性价比高，值得购买
P326312,华为 防晒霜 Pro,防晒霜,知名品牌出品防晒霜，深受消费者喜爱，口碑之选。,398.65,2202,4.0,431,2024-11-27,用起来很方便，推荐
P370237,耐克 男士T恤 新款,男士T恤,优衣库 男士T恤，精选优质材料，适合各类人群使用。,364.3,402,5.0,721,2023-08-18,性价比高，值得购买
P367559,小米 电饭煲 经典款,电饭煲,知名品牌出品电饭煲，深受消费者喜爱，口碑之选。,713.38,2504,4.0,466,2024-07-22,性价比高，值得购买
P217353,华为 口红 经典款,口红,知名品牌 口红，精选优质材料，适合各类人群使用。,480.27,1834,4.0,45,2025-06-07,性价比高，值得购买
P567046,vivo 纸尿裤 新款,纸尿裤,新款知名品牌 纸尿裤，采用先进工艺，品质保证。,312.57,55,3.5,391,2024-06-13,和描述的一致，不错
P218725,OPPO 婴儿奶粉 新款,婴儿奶粉,知名品牌 婴儿奶粉，精选优质材料，适合各类人群使用。,403.09,4088,2.0,162,2023-12-08,不太符合预期
P178361,小米 吸尘器 青春版,吸尘器,新款知名品牌 吸尘器，采用先进工艺，品质保证。,293.17,10,4.5,305,2024-01-04,性价比高，值得购买
P240900,vivo 牛仔裤 青春版,牛仔裤,新款知名品牌 牛仔裤，采用先进工艺，品质保证。,164.66,187,3.5,526,2025-06-07,和描述的一致，不错
P823029,vivo 女士连衣裙 Pro,女士连衣裙,知名品牌 女士连衣裙，精选优质材料，适合各类人群使用。,553.05,4950,4.0,813,2025-01-28,质量很好，非常满意
P363744,良品铺子 休闲零食 Pro,休闲零食,新款徐福记 休闲零食，采用先进工艺，品质保证。,754.36,3795,4.5,365,2023-12-25,质量很好，非常满意
P553990,资生堂 保湿面霜 青春版,保湿面霜,资生堂出品保湿面霜，深受消费者喜爱，口碑之选。,1289.86,4986,5.0,894,2024-05-01,用起来很方便，推荐
P678011,SK-II 保湿面霜 青春版,保湿面霜,新款相宜本草 保湿面霜，采用先进工艺，品质保证。,527.8,243,3.5,89,2025-04-17,和描述的一致，不错
P802803,小米 口红 新款,口红,知名品牌出品口红，深受消费者喜爱，口碑之选。,277.55,64,4.0,108,2024-05-15,性价比高，值得购买
P989104,华为 牛奶 青春版,牛奶,新款知名品牌 牛奶，采用先进工艺，品质保证。,587.36,149,4.5,436,2025-06-19,用起来很方便，推荐
P730192,良品铺子 休闲零食 新款,休闲零食,新款洽洽 休闲零食，采用先进工艺，品质保证。,59.01,319,1.5,806,2024-03-16,不太符合预期
P931261,华为 水果礼盒 Pro,水果礼盒,知名品牌出品水果礼盒，深受消费者喜爱，口碑之选。,608.32,256,5.0,543,2024-04-19,质量很好，非常满意
P375226,OPPO 婴儿车 青春版,婴儿车,知名品牌出品婴儿车，深受消费者喜爱，口碑之选。,747.14,4612,4.5,541,2025-06-05,性价比高，值得购买
P112124,小米 咖啡 青春版,咖啡,知名品牌出品咖啡，深受消费者喜爱，口碑之选。,628.34,236,4.5,24,2023-12-31,用起来很方便，推荐
P240813,OPPO 牛奶 经典款,牛奶,知名品牌 牛奶，精选优质材料，适合各类人群使用。,653.47,3533,4.0,555,2024-08-22,用起来很方便，推荐
P759282,苹果 运动鞋 青春版,运动鞋,知名品牌出品运动鞋，深受消费者喜爱，口碑之选。,795.54,1103,4.5,549,2025-06-06,用起来很方便，推荐
P364624,OPPO 婴儿奶粉 新款,婴儿奶粉,新款知名品牌 婴儿奶粉，采用先进工艺，品质保证。,786.25,220,4.5,954,2025-02-03,性价比高，值得购买
P723481,华为 牛奶 经典款,牛奶,新款知名品牌 牛奶，采用先进工艺，品质保证。,419.14,5877,3.0,288,2025-03-20,有点小瑕疵，但总体还行
P766832,OPPO 婴儿奶粉 Pro,婴儿奶粉,知名品牌出品婴儿奶粉，深受消费者喜爱，口碑之选。,168.68,3259,4.5,374,2024-12-13,用起来很方便，推荐
P979714,OPPO 纸尿裤 青春版,纸尿裤,知名品牌 纸尿裤，精选优质材料，适合各类人群使用。,76.85,181,1.5,503,2025-01-03,不太符合预期
P446379,小米 智能手机 青春版,智能手机,苹果出品智能手机，深受消费者喜爱，口碑之选。,5423.0,35,4.0,684,2025-02-10,用起来很方便，推荐
P862509,富安娜 床上四件套 新款,床上四件套,新款罗莱家纺 床上四件套，采用先进工艺，品质保证。,542.11,321,4.5,212,2024-04-28,质量很好，非常满意
P999090,华为 水果礼盒 新款,水果礼盒,知名品牌 水果礼盒，精选优质材料，适合各类人群使用。,649.08,109,4.0,876,2023-09-06,性价比高，值得购买
P819742,苹果 运动鞋 经典款,运动鞋,知名品牌出品运动鞋，深受消费者喜爱，口碑之选。,1350.6,371,3.5,393,2025-06-15,有点小瑕疵，但总体还行
P524579,苹果 吸尘器 青春版,吸尘器,知名品牌 吸尘器，精选优质材料，适合各类人群使用。,691.58,438,4.5,806,2024-12-31,用起来很方便，推荐
P298399,OPPO 电饭煲 新款,电饭煲,知名品牌出品电饭煲，深受消费者喜爱，口碑之选。,600.31,67,3.0,777,2024-02-09,和描述的一致，不错
P367070,华为 婴儿奶粉 Pro,婴儿奶粉,知名品牌 婴儿奶粉，精选优质材料，适合各类人群使用。,834.97,131,4.0,121,2024-04-22,用起来很方便，推荐
P791436,vivo 平板电脑 新款,平板电脑,知名品牌出品平板电脑，深受消费者喜爱，口碑之选。,4325.73,75,4.5,585,2025-02-25,质量很好，非常满意
P197322,小米 台灯 新款,台灯,新款知名品牌 台灯，采用先进工艺，品质保证。,191.64,385,4.0,964,2025-02-18,用起来很方便，推荐
P502981,小米 牛仔裤 Pro,牛仔裤,知名品牌出品牛仔裤，深受消费者喜爱，口碑之选。,265.32,1044,3.5,883,2023-10-27,有点小瑕疵，但总体还行
P241307,小米 运动鞋 经典款,运动鞋,新款知名品牌 运动鞋，采用先进工艺，品质保证。,224.32,5375,5.0,381,2024-10-28,性价比高，值得购买
P786046,小米 平板电脑 经典款,平板电脑,知名品牌 平板电脑，精选优质材料，适合各类人群使用。,5453.74,165,2.5,547,2025-08-02,不太符合预期
P353653,vivo 电饭煲 新款,电饭煲,知名品牌 电饭煲，精选优质材料，适合各类人群使用。,691.68,409,5.0,126,2025-03-26,用起来很方便，推荐
P183579,罗莱家纺 床上四件套 Pro,床上四件套,梦洁出品床上四件套，深受消费者喜爱，口碑之选。,714.95,4049,4.0,547,2024-08-12,性价比高，值得购买
P157771,vivo 女士连衣裙 青春版,女士连衣裙,新款知名品牌 女士连衣裙，采用先进工艺，品质保证。,535.26,2584,2.5,694,2023-12-29,不太符合预期
P825799,华为 婴儿奶粉 经典款,婴儿奶粉,知名品牌出品婴儿奶粉，深受消费者喜爱，口碑之选。,184.13,450,4.5,635,2023-10-18,用起来很方便，推荐
P340654,ZARA 男士T恤 经典款,男士T恤,耐克 男士T恤，精选优质材料，适合各类人群使用。,72.09,562,3.5,142,2024-09-09,和描述的一致，不错
P530436,OPPO 吸尘器 新款,吸尘器,知名品牌 吸尘器，精选优质材料，适合各类人群使用。,949.16,160,4.0,273,2023-11-04,用起来很方便，推荐
P731629,小米 智能手表 青春版,智能手表,知名品牌出品智能手表，深受消费者喜爱，口碑之选。,1088.77,261,2.0,269,2024-09-17,不太符合预期
P828947,苹果 洗发水 新款,洗发水,知名品牌 洗发水，精选优质材料，适合各类人群使用。,45.08,52,4.5,577,2025-04-18,质量很好，非常满意
P956696,三只松鼠 休闲零食 青春版,休闲零食,三只松鼠出品休闲零食，深受消费者喜爱，口碑之选。,843.37,186,4.5,61,2024-12-02,质量很好，非常满意
P468190,苹果 口红 经典款,口红,知名品牌出品口红，深受消费者喜爱，口碑之选。,194.98,294,3.0,364,2024-11-09,和描述的一致，不错
P831170,小米 防晒霜 新款,防晒霜,知名品牌 防晒霜，精选优质材料，适合各类人群使用。,63.36,405,2.5,876,2024-09-25,不太符合预期
P945107,OPPO 口红 Pro,口红,知名品牌出品口红，深受消费者喜爱，口碑之选。,71.62,321,3.5,4,2023-09-08,和描述的一致，不错
P815686,苹果 婴儿奶粉 新款,婴儿奶粉,知名品牌 婴儿奶粉，精选优质材料，适合各类人群使用。,776.14,51,3.0,155,2024-11-26,和描述的一致，不错
P759239,小米 咖啡 青春版,咖啡,新款知名品牌 咖啡，采用先进工艺，品质保证。,779.63,471,3.0,390,2025-05-01,和描述的一致，不错
P262093,华为 洗发水 Pro,洗发水,知名品牌 洗发水，精选优质材料，适合各类人群使用。,902.16,325,3.5,807,2024-12-17,和描述的一致，不错
P323777,资生堂 保湿面霜 新款,保湿面霜,新款SK-II 保湿面霜，采用先进工艺，品质保证。,418.76,134,3.5,519,2024-03-13,和描述的一致，不错
P560348,罗莱家纺 床上四件套 经典款,床上四件套,新款富安娜 床上四件套，采用先进工艺，品质保证。,387.46,343,4.5,227,2023-09-22,用起来很方便，推荐
P416352,vivo 牛仔裤 青春版,牛仔裤,新款知名品牌 牛仔裤，采用先进工艺，品质保证。,607.22,454,5.0,124,2025-02-06,性价比高，值得购买
P913255,华为 电饭煲 经典款,电饭煲,知名品牌出品电饭煲，深受消费者喜爱，口碑之选。,693.62,183,2.0,336,2024-02-12,不太符合预期
P110755,vivo 电饭煲 经典款,电饭煲,知名品牌 电饭煲，精选优质材料，适合各类人群使用。,845.32,3665,3.5,945,2024-06-22,和描述的一致，不错
P606246,华为 婴儿车 经典款,婴儿车,知名品牌出品婴儿车，深受消费者喜爱，口碑之选。,186.11,240,4.0,283,2023-12-29,质量很好，非常满意
P202939,小米 吸尘器 新款,吸尘器,知名品牌出品吸尘器，深受消费者喜爱，口碑之选。,169.35,3167,4.5,954,2024-01-10,质量很好，非常满意
P346527,ZARA 男士T恤 新款,男士T恤,ZARA 男士T恤，精选优质材料，适合各类人群使用。,233.14,415,3.0,606,2025-05-10,和描述的一致，不错
P662440,vivo 吸尘器 经典款,吸尘器,新款知名品牌 吸尘器，采用先进工艺，品质保证。,75.42,3844,4.5,404,2024-08-19,质量很好，非常满意
P106695,洽洽 休闲零食 新款,休闲零食,洽洽出品休闲零食，深受消费者喜爱，口碑之选。,710.25,468,4.0,866,2023-09-25,用起来很方便，推荐
P650503,资生堂 保湿面霜 经典款,保湿面霜,相宜本草 保湿面霜，精选优质材料，适合各类人群使用。,1525.53,368,2.5,991,2025-01-20,不太符合预期
P631935,苹果 婴儿奶粉 Pro,婴儿奶粉,知名品牌出品婴儿奶粉，深受消费者喜爱，口碑之选。,410.02,3984,4.0,952,2025-06-12,质量很好，非常满意
P796956,杰克琼斯 男士T恤 青春版,男士T恤,H&M出品男士T恤，深受消费者喜爱，口碑之选。,396.98,280,5.0,112,2025-03-24,性价比高，值得购买
P170548,苹果 智能手表 经典款,智能手表,新款知名品牌 智能手表，采用先进工艺，品质保证。,649.33,4429,2.0,414,2025-06-01,不太符合预期
P121305,vivo 婴儿奶粉 Pro,婴儿奶粉,新款知名品牌 婴儿奶粉，采用先进工艺，品质保证。,707.71,380,3.0,887,2024-09-30,有点小瑕疵，但总体还行
P703823,OPPO 台灯 青春版,台灯,新款知名品牌 台灯，采用先进工艺，品质保证。,734.4,417,4.5,874,2023-11-29,质量很好，非常满意
P614360,华为 电饭煲 经典款,电饭煲,知名品牌出品电饭煲，深受消费者喜爱，口碑之选。,36.96,455,4.5,726,2025-02-05,性价比高，值得购买
P165485,小米 智能手表 新款,智能手表,新款知名品牌 智能手表，采用先进工艺，品质保证。,2338.64,19,5.0,736,2023-11-12,质量很好，非常满意
P875328,OPPO 牛奶 经典款,牛奶,知名品牌出品牛奶，深受消费者喜爱，口碑之选。,96.0,441,4.0,235,2024-12-30,质量很好，非常满意
P838344,vivo 运动鞋 青春版,运动鞋,新款知名品牌 运动鞋，采用先进工艺，品质保证。,505.83,390,4.0,518,2024-02-13,性价比高，值得购买
P795610,苹果 平板电脑 经典款,平板电脑,新款知名品牌 平板电脑，采用先进工艺，品质保证。,5453.46,653,4.5,920,2025-03-09,性价比高，值得购买
P973991,华为 运动鞋 青春版,运动鞋,知名品牌 运动鞋，精选优质材料，适合各类人群使用。,1300.28,147,4.5,88,2025-02-05,性价比高，值得购买
P166008,苹果 运动鞋 青春版,运动鞋,知名品牌 运动鞋，精选优质材料，适合各类人群使用。,1236.88,474,5.0,427,2024-08-21,用起来很方便，推荐
P737121,相宜本草 保湿面霜 经典款,保湿面霜,SK-II出品保湿面霜，深受消费者喜爱，口碑之选。,1964.36,410,5.0,573,2025-03-13,用起来很方便，推荐
P989837,vivo 吸尘器 新款,吸尘器,知名品牌 吸尘器，精选优质材料，适合各类人群使用。,506.39,166,4.5,871,2025-04-30,用起来很方便，推荐
P293201,OPPO 婴儿奶粉 青春版,婴儿奶粉,知名品牌 婴儿奶粉，精选优质材料，适合各类人群使用。,680.74,1945,2.0,645,2024-09-09,不太符合预期
P120320,小米 智能手机 经典款,智能手机,华为出品智能手机，深受消费者喜爱，口碑之选。,4994.73,485,4.0,832,2024-03-11,质量很好，非常满意
P227083,华为 电饭煲 经典款,电饭煲,新款知名品牌 电饭煲，采用先进工艺，品质保证。,767.92,490,3.5,562,2024-09-29,和描述的一致，不错
P639983,小米 婴儿奶粉 经典款,婴儿奶粉,知名品牌出品婴儿奶粉，深受消费者喜爱，口碑之选。,731.78,116,4.5,31,2024-04-06,性价比高，值得购买
P366474,OPPO 女士连衣裙 新款,女士连衣裙,知名品牌 女士连衣裙，精选优质材料，适合各类人群使用。,882.0,2234,3.5,662,2025-02-26,有点小瑕疵，但总体还行
P559450,苹果 婴儿奶粉 青春版,婴儿奶粉,知名品牌出品婴儿奶粉，深受消费者喜爱，口碑之选。,661.01,77,4.0,666,2023-12-24,用起来很方便，推荐
P508925,苹果 纸尿裤 新款,纸尿裤,知名品牌 纸尿裤，精选优质材料，适合各类人群使用。,581.65,59,1.5,131,2025-07-20,不太符合预期
P865619,SK-II 保湿面霜 青春版,保湿面霜,新款雅诗兰黛 保湿面霜，采用先进工艺，品质保证。,546.6,41,4.5,547,2025-08-01,质量很好，非常满意
P363590,OPPO 婴儿奶粉 新款,婴儿奶粉,知名品牌 婴儿奶粉，精选优质材料，适合各类人群使用。,856.24,4164,4.0,61,2025-04-30,用起来很方便，推荐
P427865,百草味 休闲零食 Pro,休闲零食,三只松鼠出品休闲零食，深受消费者喜爱，口碑之选。,821.48,469,2.5,983,2025-03-12,不太符合预期
P702234,OPPO 平板电脑 新款,平板电脑,知名品牌 平板电脑，精选优质材料，适合各类人群使用。,2046.2,86,5.0,198,2024-09-13,性价比高，值得购买
P711835,三只松鼠 休闲零食 新款,休闲零食,百草味 休闲零食，精选优质材料，适合各类人群使用。,140.4,108,3.0,582,2024-12-16,和描述的一致，不错
P832827,小米 儿童玩具 经典款,儿童玩具,新款知名品牌 儿童玩具，采用先进工艺，品质保证。,172.92,225,4.0,551,2024-02-22,质量很好，非常满意
P511719,OPPO 平板电脑 Pro,平板电脑,知名品牌出品平板电脑，深受消费者喜爱，口碑之选。,3225.09,13867,4.5,809,2025-07-25,用起来很方便，推荐
P664520,小米 婴儿奶粉 青春版,婴儿奶粉,知名品牌 婴儿奶粉，精选优质材料，适合各类人群使用。,212.09,2714,4.0,61,2025-06-23,性价比高，值得购买
P839605,华为 牛奶 新款,牛奶,知名品牌 牛奶，精选优质材料，适合各类人群使用。,536.63,531,5.0,906,2024-01-08,质量很好，非常满意
P284442,华为 牛奶 青春版,牛奶,知名品牌出品牛奶，深受消费者喜爱，口碑之选。,653.32,1321,4.0,425,2024-03-04,性价比高，值得购买
P194922,OPPO 口红 Pro,口红,新款知名品牌 口红，采用先进工艺，品质保证。,457.91,89,3.0,476,2025-04-25,有点小瑕疵，但总体还行
P997132,OPPO 口红 Pro,口红,知名品牌出品口红，深受消费者喜爱，口碑之选。,413.78,908,3.0,713,2023-08-22,和描述的一致，不错
P787991,小米 牛仔裤 Pro,牛仔裤,知名品牌 牛仔裤，精选优质材料，适合各类人群使用。,318.91,43,4.0,366,2025-01-30,质量很好，非常满意
P460813,vivo 口红 新款,口红,知名品牌 口红，精选优质材料，适合各类人群使用。,296.24,374,4.0,589,2025-01-30,用起来很方便，推荐
P941635,华为 智能手机 Pro,智能手机,新款vivo 智能手机，采用先进工艺，品质保证。,2319.26,47,2.0,565,2024-04-06,不太符合预期
P128070,OPPO 咖啡 青春版,咖啡,知名品牌出品咖啡，深受消费者喜爱，口碑之选。,445.37,404,4.5,590,2025-06-06,质量很好，非常满意
P477928,徐福记 休闲零食 青春版,休闲零食,三只松鼠 休闲零食，精选优质材料，适合各类人群使用。,511.43,391,2.0,466,2024-06-06,不太符合预期
P193854,小米 电饭煲 Pro,电饭煲,知名品牌出品电饭煲，深受消费者喜爱，口碑之选。,362.17,153,4.5,14,2024-06-21,用起来很方便，推荐
P399403,惠普 笔记本电脑 经典款,笔记本电脑,戴尔出品笔记本电脑，深受消费者喜爱，口碑之选。,7756.72,3425,2.5,781,2023-09-27,不太符合预期
P311253,华为 防晒霜 经典款,防晒霜,知名品牌出品防晒霜，深受消费者喜爱，口碑之选。,980.51,1298,3.5,555,2024-08-05,和描述的一致，不错
P221925,华为 水果礼盒 经典款,水果礼盒,新款知名品牌 水果礼盒，采用先进工艺，品质保证。,591.03,256,4.5,353,2023-08-16,性价比高，值得购买
P743577,OPPO 水果礼盒 青春版,水果礼盒,知名品牌出品水果礼盒，深受消费者喜爱，口碑之选。,373.61,12011,4.5,355,2024-12-13,性价比高，值得购买
P761719,OPPO 电饭煲 青春版,电饭煲,知名品牌 电饭煲，精选优质材料，适合各类人群使用。,829.57,0,4.0,712,2024-11-23,质量很好，非常满意
P772829,OPPO 婴儿奶粉 Pro,婴儿奶粉,新款知名品牌 婴儿奶粉，采用先进工艺，品质保证。,743.41,805,2.0,99,2024-02-27,不太符合预期
P640632,苹果 平板电脑 新款,平板电脑,知名品牌出品平板电脑，深受消费者喜爱，口碑之选。,3721.83,47,4.0,393,2025-02-22,质量很好，非常满意
P960695,小米 婴儿奶粉 新款,婴儿奶粉,新款知名品牌 婴儿奶粉，采用先进工艺，品质保证。,704.95,291,3.5,438,2023-10-11,有点小瑕疵，但总体还行
P635207,OPPO 防晒霜 新款,防晒霜,新款知名品牌 防晒霜，采用先进工艺，品质保证。,946.86,1610,3.5,562,2024-05-24,和描述的一致，不错
P594753,vivo 运动鞋 青春版,运动鞋,知名品牌 运动鞋，精选优质材料，适合各类人群使用。,715.88,431,3.5,650,2024-10-26,和描述的一致，不错
P425503,小米 纸尿裤 青春版,纸尿裤,知名品牌 纸尿裤，精选优质材料，适合各类人群使用。,468.0,114,5.0,163,2024-02-15,质量很好，非常满意
P683253,OPPO 洗发水 新款,洗发水,知名品牌出品洗发水，深受消费者喜爱，口碑之选。,848.25,401,2.0,917,2024-09-19,不太符合预期
P172581,优衣库 男士T恤 Pro,男士T恤,ZARA出品男士T恤，深受消费者喜爱，口碑之选。,317.79,9,3.5,416,2024-02-18,和描述的一致，不错
P738495,小米 台灯 Pro,台灯,新款知名品牌 台灯，采用先进工艺，品质保证。,343.52,500,4.0,687,2025-03-28,用起来很方便，推荐
P764424,vivo 洗发水 新款,洗发水,新款知名品牌 洗发水，采用先进工艺，品质保证。,881.78,399,4.0,395,2024-12-06,用起来很方便，推荐
P923753,惠普 笔记本电脑 青春版,笔记本电脑,苹果 笔记本电脑，精选优质材料，适合各类人群使用。,12550.82,261,5.0,469,2024-10-09,用起来很方便，推荐
P289086,OPPO 牛仔裤 经典款,牛仔裤,知名品牌出品牛仔裤，深受消费者喜爱，口碑之选。,778.93,304,3.5,723,2025-02-05,和描述的一致，不错
P101589,华为 防晒霜 新款,防晒霜,知名品牌出品防晒霜，深受消费者喜爱，口碑之选。,631.19,3896,5.0,418,2024-05-24,用起来很方便，推荐
P262377,小米 台灯 经典款,台灯,知名品牌出品台灯，深受消费者喜爱，口碑之选。,960.18,218,4.5,183,2024-07-08,用起来很方便，推荐
P889141,vivo 女士连衣裙 Pro,女士连衣裙,知名品牌 女士连衣裙，精选优质材料，适合各类人群使用。,614.49,407,4.5,141,2025-06-06,性价比高，值得购买
P258183,苹果 牛仔裤 Pro,牛仔裤,知名品牌出品牛仔裤，深受消费者喜爱，口碑之选。,409.89,5271,5.0,808,2024-12-02,质量很好，非常满意
P443530,联想 笔记本电脑 青春版,笔记本电脑,新款联想 笔记本电脑，采用先进工艺，品质保证。,9847.21,257,3.5,91,2023-11-08,和描述的一致，不错
P907287,小米 智能手机 经典款,智能手机,华为出品智能手机，深受消费者喜爱，口碑之选。,7357.92,418,5.0,559,2025-01-14,用起来很方便，推荐
P803745,小米 女士连衣裙 Pro,女士连衣裙,知名品牌 女士连衣裙，精选优质材料，适合各类人群使用。,532.24,481,3.5,904,2025-06-20,和描述的一致，不错
P540429,vivo 平板电脑 新款,平板电脑,新款知名品牌 平板电脑，采用先进工艺，品质保证。,4212.2,403,4.5,963,2024-08-27,质量很好，非常满意
P935530,小米 吸尘器 青春版,吸尘器,新款知名品牌 吸尘器，采用先进工艺，品质保证。,990.29,229,3.5,412,2023-11-16,有点小瑕疵，但总体还行
P910426,华为 洗发水 Pro,洗发水,新款知名品牌 洗发水，采用先进工艺，品质保证。,833.26,3056,4.5,223,2025-02-21,用起来很方便，推荐
P358251,苹果 婴儿车 Pro,婴儿车,新款知名品牌 婴儿车，采用先进工艺，品质保证。,74.23,130,2.0,110,2024-07-28,不太符合预期
P744824,苹果 运动鞋 青春版,运动鞋,新款知名品牌 运动鞋，采用先进工艺，品质保证。,740.74,151,1.5,45,2024-11-24,不太符合预期
P882275,OPPO 牛仔裤 新款,牛仔裤,新款知名品牌 牛仔裤，采用先进工艺，品质保证。,164.14,367,4.5,144,2024-01-12,性价比高，值得购买
P170926,雅诗兰黛 保湿面霜 经典款,保湿面霜,雅诗兰黛出品保湿面霜，深受消费者喜爱，口碑之选。,533.47,227,4.0,464,2023-12-31,用起来很方便，推荐
P693349,OPPO 牛仔裤 经典款,牛仔裤,知名品牌 牛仔裤，精选优质材料，适合各类人群使用。,526.88,364,4.5,658,2025-01-24,用起来很方便，推荐
P993859,OPPO 运动鞋 青春版,运动鞋,新款知名品牌 运动鞋，采用先进工艺，品质保证。,488.79,477,4.5,720,2023-12-16,性价比高，值得购买
P266369,SK-II 保湿面霜 青春版,保湿面霜,新款雅诗兰黛 保湿面霜，采用先进工艺，品质保证。,707.77,3452,2.5,936,2024-05-19,不太符合预期
P850524,OPPO 婴儿奶粉 Pro,婴儿奶粉,新款知名品牌 婴儿奶粉，采用先进工艺，品质保证。,279.46,345,3.5,273,2025-01-24,有点小瑕疵，但总体还行
P353092,小米 纸尿裤 Pro,纸尿裤,知名品牌 纸尿裤，精选优质材料，适合各类人群使用。,779.03,342,5.0,321,2024-03-19,质量很好，非常满意
P321868,小米 洗发水 青春版,洗发水,新款知名品牌 洗发水，采用先进工艺，品质保证。,723.78,319,4.5,260,2024-02-23,质量很好，非常满意
P337327,OPPO 婴儿奶粉 经典款,婴儿奶粉,新款知名品牌 婴儿奶粉，采用先进工艺，品质保证。,802.1,367,5.0,798,2023-11-24,质量很好，非常满意
P383283,OPPO 台灯 Pro,台灯,知名品牌 台灯，精选优质材料，适合各类人群使用。,483.07,107,4.5,900,2024-01-11,质量很好，非常满意
P241431,OPPO 运动鞋 青春版,运动鞋,知名品牌 运动鞋，精选优质材料，适合各类人群使用。,1280.75,283,1.5,511,2025-06-27,不太符合预期
P505292,苹果 咖啡 经典款,咖啡,新款知名品牌 咖啡，采用先进工艺，品质保证。,828.54,487,4.0,528,2025-06-30,用起来很方便，推荐
P605032,小米 纸尿裤 Pro,纸尿裤,知名品牌 纸尿裤，精选优质材料，适合各类人群使用。,586.35,272,3.5,611,2025-04-29,和描述的一致，不错
P423043,百草味 休闲零食 经典款,休闲零食,徐福记出品休闲零食，深受消费者喜爱，口碑之选。,754.9,44,1.5,718,2024-10-17,不太符合预期
P966689,SK-II 保湿面霜 Pro,保湿面霜,雅诗兰黛 保湿面霜，精选优质材料，适合各类人群使用。,792.36,441,4.5,374,2023-10-23,质量很好，非常满意
P807291,小米 智能手表 Pro,智能手表,知名品牌出品智能手表，深受消费者喜爱，口碑之选。,583.76,2394,2.5,704,2025-03-17,不太符合预期
P673422,雅诗兰黛 保湿面霜 新款,保湿面霜,雅诗兰黛出品保湿面霜，深受消费者喜爱，口碑之选。,127.2,67,3.0,885,2024-04-07,和描述的一致，不错
P989433,OPPO 水果礼盒 新款,水果礼盒,知名品牌出品水果礼盒，深受消费者喜爱，口碑之选。,47.67,325,2.5,67,2024-01-31,不太符合预期
P865881,小米 婴儿奶粉 青春版,婴儿奶粉,知名品牌 婴儿奶粉，精选优质材料，适合各类人群使用。,934.5,90,4.5,833,2024-11-27,用起来很方便，推荐
P409557,小米 电饭煲 经典款,电饭煲,知名品牌出品电饭煲，深受消费者喜爱，口碑之选。,264.49,4727,2.5,6,2024-07-18,不太符合预期
P597530,苹果 运动鞋 Pro,运动鞋,知名品牌出品运动鞋，深受消费者喜爱，口碑之选。,439.5,469,3.0,48,2024-09-07,和描述的一致，不错
P149438,华为 婴儿车 青春版,婴儿车,知名品牌出品婴儿车，深受消费者喜爱，口碑之选。,995.16,223,3.0,754,2023-12-27,有点小瑕疵，但总体还行
P484534,vivo 智能手表 新款,智能手表,知名品牌 智能手表，精选优质材料，适合各类人群使用。,2458.13,272,3.5,166,2023-10-02,有点小瑕疵，但总体还行
P864084,vivo 女士连衣裙 新款,女士连衣裙,知名品牌 女士连衣裙，精选优质材料，适合各类人群使用。,291.59,3647,4.5,255,2024-06-30,性价比高，值得购买
P659111,华为 牛奶 青春版,牛奶,新款知名品牌 牛奶，采用先进工艺，品质保证。,829.89,15592,4.5,67,2025-01-28,用起来很方便，推荐
P815851,华为 咖啡 青春版,咖啡,新款知名品牌 咖啡，采用先进工艺，品质保证。,816.98,487,2.0,231,2024-07-01,不太符合预期
P952974,苹果 防晒霜 Pro,防晒霜,新款知名品牌 防晒霜，采用先进工艺，品质保证。,988.25,911,4.5,23,2025-01-17,质量很好，非常满意
P406696,vivo 防晒霜 新款,防晒霜,新款知名品牌 防晒霜，采用先进工艺，品质保证。,548.42,382,4.5,120,2024-03-14,质量很好，非常满意
P653465,水星家纺 床上四件套 Pro,床上四件套,水星家纺出品床上四件套，深受消费者喜爱，口碑之选。,360.58,68,3.5,746,2025-06-28,有点小瑕疵，但总体还行
P670129,OPPO 婴儿奶粉 Pro,婴儿奶粉,新款知名品牌 婴儿奶粉，采用先进工艺，品质保证。,594.19,31,4.0,612,2023-12-06,用起来很方便，推荐
P421024,华为 台灯 Pro,台灯,知名品牌 台灯，精选优质材料，适合各类人群使用。,591.83,19,3.0,192,2023-12-02,有点小瑕疵，但总体还行
P728655,杰克琼斯 男士T恤 青春版,男士T恤,耐克 男士T恤，精选优质材料，适合各类人群使用。,204.07,361,4.5,495,2024-07-01,用起来很方便，推荐
P975850,相宜本草 保湿面霜 Pro,保湿面霜,相宜本草出品保湿面霜，深受消费者喜爱，口碑之选。,819.03,405,4.5,315,2025-02-03,用起来很方便，推荐
P933647,华为 纸尿裤 经典款,纸尿裤,知名品牌 纸尿裤，精选优质材料，适合各类人群使用。,886.55,57,5.0,570,2024-03-13,用起来很方便，推荐
P364485,相宜本草 保湿面霜 新款,保湿面霜,新款雅诗兰黛 保湿面霜，采用先进工艺，品质保证。,1027.72,225,3.5,227,2024-09-05,和描述的一致，不错
P239624,华为 水果礼盒 经典款,水果礼盒,知名品牌出品水果礼盒，深受消费者喜爱，口碑之选。,765.28,243,4.5,57,2024-10-13,性价比高，值得购买
P102796,雅诗兰黛 保湿面霜 青春版,保湿面霜,新款相宜本草 保湿面霜，采用先进工艺，品质保证。,893.78,13,5.0,987,2025-03-15,用起来很方便，推荐
P369828,小米 牛奶 经典款,牛奶,新款知名品牌 牛奶，采用先进工艺，品质保证。,161.43,251,3.5,924,2023-10-17,有点小瑕疵，但总体还行
P421957,华为 台灯 新款,台灯,知名品牌出品台灯，深受消费者喜爱，口碑之选。,91.77,401,2.5,219,2023-11-27,不太符合预期
P649526,华为 防晒霜 新款,防晒霜,新款知名品牌 防晒霜，采用先进工艺，品质保证。,357.8,445,1.5,498,2023-08-30,不太符合预期
P408183,雅诗兰黛 保湿面霜 Pro,保湿面霜,资生堂出品保湿面霜，深受消费者喜爱，口碑之选。,1721.02,276,3.5,988,2025-01-10,有点小瑕疵，但总体还行
P864700,小米 平板电脑 经典款,平板电脑,知名品牌出品平板电脑，深受消费者喜爱，口碑之选。,4916.28,148,3.0,329,2025-05-16,有点小瑕疵，但总体还行
P341309,联想 笔记本电脑 经典款,笔记本电脑,苹果 笔记本电脑，精选优质材料，适合各类人群使用。,6338.95,327,3.5,92,2023-11-07,有点小瑕疵，但总体还行
P167713,苹果 电饭煲 Pro,电饭煲,知名品牌出品电饭煲，深受消费者喜爱，口碑之选。,308.67,285,3.5,983,2024-07-19,和描述的一致，不错
P297643,资生堂 保湿面霜 经典款,保湿面霜,新款SK-II 保湿面霜，采用先进工艺，品质保证。,164.07,230,3.5,958,2025-01-13,和描述的一致，不错
P261185,OPPO 纸尿裤 新款,纸尿裤,知名品牌 纸尿裤，精选优质材料，适合各类人群使用。,127.57,16862,4.5,633,2024-10-05,用起来很方便，推荐
P739981,vivo 婴儿车 经典款,婴儿车,知名品牌出品婴儿车，深受消费者喜爱，口碑之选。,752.42,1476,4.5,293,2025-01-27,性价比高，值得购买
P533773,华为 洗发水 青春版,洗发水,知名品牌 洗发水，精选优质材料，适合各类人群使用。,337.87,451,4.5,127,2024-08-06,质量很好，非常满意
P555408,杰克琼斯 男士T恤 Pro,男士T恤,耐克 男士T恤，精选优质材料，适合各类人群使用。,497.61,17897,5.0,728,2025-05-26,质量很好，非常满意
P574136,苹果 运动鞋 经典款,运动鞋,知名品牌 运动鞋，精选优质材料，适合各类人群使用。,997.59,145,4.0,569,2023-12-23,用起来很方便，推荐
P370990,小米 婴儿奶粉 经典款,婴儿奶粉,知名品牌 婴儿奶粉，精选优质材料，适合各类人群使用。,354.05,101,5.0,247,2025-03-27,性价比高，值得购买
P185564,戴尔 笔记本电脑 经典款,笔记本电脑,新款戴尔 笔记本电脑，采用先进工艺，品质保证。,12758.92,184,2.5,213,2024-03-11,不太符合预期
P676168,华为 笔记本电脑 新款,笔记本电脑,惠普 笔记本电脑，精选优质材料，适合各类人群使用。,10672.17,44,4.5,445,2023-08-30,用起来很方便，推荐
P738899,华为 口红 经典款,口红,新款知名品牌 口红，采用先进工艺，品质保证。,444.23,489,4.0,143,2025-05-27,质量很好，非常满意
P991856,苹果 牛奶 青春版,牛奶,新款知名品牌 牛奶，采用先进工艺，品质保证。,700.91,4657,2.0,96,2023-10-05,不太符合预期
P512550,H&M 男士T恤 青春版,男士T恤,优衣库 男士T恤，精选优质材料，适合各类人群使用。,329.32,331,5.0,388,2025-06-26,用起来很方便，推荐
P543511,华为 智能手表 Pro,智能手表,新款知名品牌 智能手表，采用先进工艺，品质保证。,2795.13,3376,4.0,791,2024-03-11,用起来很方便，推荐
P833683,苹果 洗发水 经典款,洗发水,知名品牌 洗发水，精选优质材料，适合各类人群使用。,402.86,920,4.5,124,2025-02-18,质量很好，非常满意
P775107,OPPO 智能手表 新款,智能手表,新款知名品牌 智能手表，采用先进工艺，品质保证。,2639.88,11986,2.5,327,2024-08-03,不太符合预期
P164457,兰蔻 保湿面霜 新款,保湿面霜,相宜本草 保湿面霜，精选优质材料，适合各类人群使用。,366.95,176,4.0,335,2024-01-24,用起来很方便，推荐
P477309,小米 洗发水 Pro,洗发水,知名品牌出品洗发水，深受消费者喜爱，口碑之选。,221.68,5,4.5,145,2024-08-30,性价比高，值得购买
P575864,苹果 口红 Pro,口红,新款知名品牌 口红，采用先进工艺，品质保证。,85.53,273,4.5,322,2024-10-04,性价比高，值得购买
P170957,联想 笔记本电脑 青春版,笔记本电脑,联想出品笔记本电脑，深受消费者喜爱，口碑之选。,13601.93,3263,4.0,396,2023-11-03,质量很好，非常满意
P200799,OPPO 女士连衣裙 Pro,女士连衣裙,知名品牌出品女士连衣裙，深受消费者喜爱，口碑之选。,689.12,2777,4.5,820,2025-05-11,质量很好，非常满意
P332408,小米 电饭煲 新款,电饭煲,知名品牌 电饭煲，精选优质材料，适合各类人群使用。,803.88,453,4.0,621,2024-02-13,性价比高，值得购买
P460970,OPPO 牛奶 青春版,牛奶,新款知名品牌 牛奶，采用先进工艺，品质保证。,516.61,489,4.0,733,2024-05-05,性价比高，值得购买
P838582,vivo 婴儿车 青春版,婴儿车,知名品牌出品婴儿车，深受消费者喜爱，口碑之选。,595.92,325,5.0,135,2024-08-14,用起来很方便，推荐
P870807,联想 笔记本电脑 经典款,笔记本电脑,新款华为 笔记本电脑，采用先进工艺，品质保证。,5178.3,425,4.5,689,2024-01-08,性价比高，值得购买
P695002,苹果 咖啡 青春版,咖啡,知名品牌 咖啡，精选优质材料，适合各类人群使用。,746.95,3469,2.0,576,2025-06-14,不太符合预期
P543951,华为 纸尿裤 青春版,纸尿裤,知名品牌 纸尿裤，精选优质材料，适合各类人群使用。,307.5,15,5.0,549,2025-08-09,性价比高，值得购买
P696063,华为 台灯 经典款,台灯,知名品牌 台灯，精选优质材料，适合各类人群使用。,903.76,317,3.0,574,2024-08-27,有点小瑕疵，但总体还行
P619790,苹果 儿童玩具 Pro,儿童玩具,知名品牌出品儿童玩具，深受消费者喜爱，口碑之选。,522.38,132,4.5,377,2024-02-16,性价比高，值得购买
P354907,小米 牛仔裤 经典款,牛仔裤,知名品牌 牛仔裤，精选优质材料，适合各类人群使用。,139.96,244,4.5,477,2025-01-18,质量很好，非常满意
P288566,多喜爱 床上四件套 新款,床上四件套,梦洁出品床上四件套，深受消费者喜爱，口碑之选。,650.23,1385,4.0,645,2024-01-21,用起来很方便，推荐
P109574,vivo 婴儿奶粉 新款,婴儿奶粉,知名品牌出品婴儿奶粉，深受消费者喜爱，口碑之选。,538.75,202,3.0,109,2024-03-13,有点小瑕疵，但总体还行
P572948,OPPO 智能手表 青春版,智能手表,知名品牌出品智能手表，深受消费者喜爱，口碑之选。,2932.08,2891,4.0,142,2024-11-18,性价比高，值得购买
P884675,联想 笔记本电脑 经典款,笔记本电脑,新款华为 笔记本电脑，采用先进工艺，品质保证。,4169.22,408,4.5,979,2023-10-07,用起来很方便，推荐
P458166,苹果 平板电脑 青春版,平板电脑,知名品牌出品平板电脑，深受消费者喜爱，口碑之选。,2697.23,413,5.0,632,2023-09-05,用起来很方便，推荐
P976546,苹果 口红 经典款,口红,新款知名品牌 口红，采用先进工艺，品质保证。,326.58,352,4.5,515,2024-03-06,质量很好，非常满意
P599245,雅诗兰黛 保湿面霜 Pro,保湿面霜,SK-II 保湿面霜，精选优质材料，适合各类人群使用。,115.75,3259,4.0,674,2024-08-13,用起来很方便，推荐
P173400,洽洽 休闲零食 经典款,休闲零食,百草味出品休闲零食，深受消费者喜爱，口碑之选。,554.36,28,4.0,899,2025-06-15,质量很好，非常满意
P181065,华为 婴儿奶粉 新款,婴儿奶粉,知名品牌出品婴儿奶粉，深受消费者喜爱，口碑之选。,826.66,4493,4.5,846,2023-09-06,性价比高，值得购买
P649576,小米 牛仔裤 经典款,牛仔裤,新款知名品牌 牛仔裤，采用先进工艺，品质保证。,757.48,3,4.0,705,2024-05-11,质量很好，非常满意
P679377,苹果 口红 经典款,口红,知名品牌 口红，精选优质材料，适合各类人群使用。,87.11,2932,3.0,678,2025-01-16,有点小瑕疵，但总体还行
P344046,OPPO 牛仔裤 经典款,牛仔裤,新款知名品牌 牛仔裤，采用先进工艺，品质保证。,743.67,439,4.0,453,2025-07-16,质量很好，非常满意
P167442,苹果 咖啡 经典款,咖啡,知名品牌出品咖啡，深受消费者喜爱，口碑之选。,918.64,3818,4.5,938,2024-09-23,性价比高，值得购买
P840839,vivo 牛仔裤 新款,牛仔裤,新款知名品牌 牛仔裤，采用先进工艺，品质保证。,666.72,13,2.5,189,2024-02-04,不太符合预期
P131068,资生堂 保湿面霜 新款,保湿面霜,雅诗兰黛出品保湿面霜，深受消费者喜爱，口碑之选。,1314.58,2380,5.0,775,2024-07-04,质量很好，非常满意
P376822,苹果 纸尿裤 青春版,纸尿裤,新款知名品牌 纸尿裤，采用先进工艺，品质保证。,48.73,451,2.5,118,2023-09-18,不太符合预期
P841712,OPPO 防晒霜 经典款,防晒霜,知名品牌 防晒霜，精选优质材料，适合各类人群使用。,636.37,170,4.0,6,2025-06-30,质量很好，非常满意
P278518,OPPO 女士连衣裙 Pro,女士连衣裙,新款知名品牌 女士连衣裙，采用先进工艺，品质保证。,211.08,66,4.0,325,2023-09-11,用起来很方便，推荐
P642692,小米 纸尿裤 青春版,纸尿裤,新款知名品牌 纸尿裤，采用先进工艺，品质保证。,505.7,456,4.5,798,2024-07-16,性价比高，值得购买
P182384,vivo 咖啡 Pro,咖啡,知名品牌出品咖啡，深受消费者喜爱，口碑之选。,425.4,494,2.5,945,2025-06-10,不太符合预期
P318240,vivo 儿童玩具 经典款,儿童玩具,知名品牌出品儿童玩具，深受消费者喜爱，口碑之选。,74.82,3613,4.5,507,2025-07-07,用起来很方便，推荐
P415193,资生堂 保湿面霜 经典款,保湿面霜,资生堂 保湿面霜，精选优质材料，适合各类人群使用。,743.44,351,2.5,566,2025-04-14,不太符合预期
P244353,OPPO 纸尿裤 经典款,纸尿裤,知名品牌 纸尿裤，精选优质材料，适合各类人群使用。,109.69,3464,4.0,675,2024-07-12,用起来很方便，推荐
P390147,华为 牛奶 Pro,牛奶,新款知名品牌 牛奶，采用先进工艺，品质保证。,822.61,268,3.5,282,2024-11-20,有点小瑕疵，但总体还行
P262490,vivo 智能手机 青春版,智能手机,新款小米 智能手机，采用先进工艺，品质保证。,6019.0,295,5.0,255,2024-04-16,性价比高，值得购买
P353533,苹果 口红 青春版,口红,新款知名品牌 口红，采用先进工艺，品质保证。,222.82,2089,5.0,110,2024-06-09,性价比高，值得购买
P990336,苹果 防晒霜 Pro,防晒霜,新款知名品牌 防晒霜，采用先进工艺，品质保证。,445.56,175,5.0,642,2025-07-22,质量很好，非常满意
P524344,小米 台灯 青春版,台灯,知名品牌出品台灯，深受消费者喜爱，口碑之选。,383.96,33,4.0,261,2025-02-10,性价比高，值得购买
P966919,小米 口红 新款,口红,新款知名品牌 口红，采用先进工艺，品质保证。,480.89,236,5.0,487,2025-03-09,用起来很方便，推荐
P543007,vivo 口红 新款,口红,知名品牌 口红，精选优质材料，适合各类人群使用。,444.92,637,5.0,366,2025-07-31,性价比高，值得购买
P790597,苹果 运动鞋 青春版,运动鞋,知名品牌出品运动鞋，深受消费者喜爱，口碑之选。,561.27,372,3.0,73,2024-08-04,和描述的一致，不错
P166866,OPPO 儿童玩具 新款,儿童玩具,知名品牌 儿童玩具，精选优质材料，适合各类人群使用。,621.12,238,4.5,415,2024-03-18,性价比高，值得购买
P214389,苹果 牛奶 Pro,牛奶,知名品牌出品牛奶，深受消费者喜爱，口碑之选。,541.61,126,4.5,103,2024-05-28,性价比高，值得购买
P343802,小米 智能手表 Pro,智能手表,知名品牌 智能手表，精选优质材料，适合各类人群使用。,1626.12,101,4.0,378,2024-07-29,质量很好，非常满意
P207664,小米 咖啡 经典款,咖啡,知名品牌 咖啡，精选优质材料，适合各类人群使用。,796.62,2405,4.5,63,2025-07-26,质量很好，非常满意
P313462,OPPO 电饭煲 经典款,电饭煲,知名品牌出品电饭煲，深受消费者喜爱，口碑之选。,929.63,263,4.0,566,2025-01-30,用起来很方便，推荐
P190138,vivo 口红 Pro,口红,知名品牌 口红，精选优质材料，适合各类人群使用。,426.04,426,3.5,786,2024-08-12,和描述的一致，不错
P878881,SK-II 保湿面霜 青春版,保湿面霜,新款兰蔻 保湿面霜，采用先进工艺，品质保证。,1222.18,388,3.0,35,2024-05-21,和描述的一致，不错
P999862,华为 婴儿奶粉 Pro,婴儿奶粉,知名品牌 婴儿奶粉，精选优质材料，适合各类人群使用。,168.35,228,5.0,651,2025-07-01,用起来很方便，推荐
P743305,耐克 男士T恤 经典款,男士T恤,ZARA出品男士T恤，深受消费者喜爱，口碑之选。,91.34,1389,2.0,642,2023-08-17,不太符合预期
P960547,OPPO 咖啡 新款,咖啡,知名品牌出品咖啡，深受消费者喜爱，口碑之选。,947.43,387,2.5,764,2023-10-03,不太符合预期
P552610,苹果 纸尿裤 青春版,纸尿裤,知名品牌出品纸尿裤，深受消费者喜爱，口碑之选。,305.92,182,4.5,652,2024-04-06,质量很好，非常满意
P447665,OPPO 电饭煲 Pro,电饭煲,知名品牌出品电饭煲，深受消费者喜爱，口碑之选。,253.58,226,3.5,159,2024-06-18,有点小瑕疵，但总体还行
P940919,华为 咖啡 经典款,咖啡,知名品牌 咖啡，精选优质材料，适合各类人群使用。,931.14,379,4.0,415,2023-12-21,质量很好，非常满意
P171914,vivo 牛奶 青春版,牛奶,知名品牌出品牛奶，深受消费者喜爱，口碑之选。,678.72,245,4.0,693,2024-04-24,质量很好，非常满意
P481288,苹果 纸尿裤 新款,纸尿裤,知名品牌出品纸尿裤，深受消费者喜爱，口碑之选。,24.25,168,4.0,487,2025-02-21,质量很好，非常满意
P249696,罗莱家纺 床上四件套 经典款,床上四件套,新款富安娜 床上四件套，采用先进工艺，品质保证。,934.04,2156,4.0,976,2024-01-13,用起来很方便，推荐
P419575,OPPO 婴儿奶粉 Pro,婴儿奶粉,新款知名品牌 婴儿奶粉，采用先进工艺，品质保证。,810.83,2257,1.5,9,2025-04-17,不太符合预期
P132248,OPPO 智能手机 新款,智能手机,新款华为 智能手机，采用先进工艺，品质保证。,6164.4,4923,5.0,554,2023-11-19,性价比高，值得购买
P599449,梦洁 床上四件套 新款,床上四件套,水星家纺 床上四件套，精选优质材料，适合各类人群使用。,318.92,66,2.5,94,2024-07-04,不太符合预期
P874419,小米 婴儿奶粉 青春版,婴儿奶粉,新款知名品牌 婴儿奶粉，采用先进工艺，品质保证。,181.39,186,4.5,367,2024-02-10,性价比高，值得购买
P581517,vivo 纸尿裤 青春版,纸尿裤,知名品牌出品纸尿裤，深受消费者喜爱，口碑之选。,223.91,216,4.5,1000,2024-11-20,用起来很方便，推荐
P629618,苹果 牛奶 青春版,牛奶,知名品牌 牛奶，精选优质材料，适合各类人群使用。,95.23,274,4.5,521,2025-08-02,用起来很方便，推荐
P309341,华为 婴儿奶粉 经典款,婴儿奶粉,新款知名品牌 婴儿奶粉，采用先进工艺，品质保证。,464.49,4026,4.5,82,2025-07-26,用起来很方便，推荐
P198436,OPPO 纸尿裤 经典款,纸尿裤,知名品牌出品纸尿裤，深受消费者喜爱，口碑之选。,98.02,299,2.5,420,2024-11-29,不太符合预期
P435796,华为 平板电脑 青春版,平板电脑,新款知名品牌 平板电脑，采用先进工艺，品质保证。,3705.04,59,2.5,810,2025-03-10,不太符合预期
P630541,小米 洗发水 青春版,洗发水,知名品牌 洗发水，精选优质材料，适合各类人群使用。,283.73,371,5.0,96,2023-08-23,用起来很方便，推荐
P703642,vivo 洗发水 新款,洗发水,新款知名品牌 洗发水，采用先进工艺，品质保证。,40.71,115,4.0,502,2024-08-28,用起来很方便，推荐
P685467,水星家纺 床上四件套 新款,床上四件套,水星家纺 床上四件套，精选优质材料，适合各类人群使用。,205.2,232,3.5,790,2023-11-18,有点小瑕疵，但总体还行
P819558,vivo 口红 青春版,口红,新款知名品牌 口红，采用先进工艺，品质保证。,383.07,75,3.5,69,2024-06-24,和描述的一致，不错
P417153,苹果 儿童玩具 青春版,儿童玩具,知名品牌 儿童玩具，精选优质材料，适合各类人群使用。,503.49,47,3.5,900,2025-08-02,有点小瑕疵，但总体还行
P998241,三只松鼠 休闲零食 Pro,休闲零食,三只松鼠出品休闲零食，深受消费者喜爱，口碑之选。,883.04,477,3.5,962,2025-02-28,有点小瑕疵，但总体还行
P280939,华为 平板电脑 Pro,平板电脑,新款知名品牌 平板电脑，采用先进工艺，品质保证。,5602.01,259,3.5,62,2025-02-28,和描述的一致，不错
P260649,雅诗兰黛 保湿面霜 Pro,保湿面霜,兰蔻 保湿面霜，精选优质材料，适合各类人群使用。,155.16,4124,4.5,430,2024-09-24,性价比高，值得购买
P106239,苹果 吸尘器 经典款,吸尘器,知名品牌 吸尘器，精选优质材料，适合各类人群使用。,454.9,71,3.0,197,2025-07-12,和描述的一致，不错
P675572,OPPO 智能手表 新款,智能手表,知名品牌 智能手表，精选优质材料，适合各类人群使用。,1182.63,3253,5.0,307,2025-04-09,质量很好，非常满意
P398229,OPPO 防晒霜 经典款,防晒霜,知名品牌 防晒霜，精选优质材料，适合各类人群使用。,407.58,332,4.5,243,2024-09-27,性价比高，值得购买
P112742,苹果 牛仔裤 经典款,牛仔裤,知名品牌 牛仔裤，精选优质材料，适合各类人群使用。,650.93,2500,4.5,882,2024-04-08,性价比高，值得购买
P503726,OPPO 口红 Pro,口红,知名品牌出品口红，深受消费者喜爱，口碑之选。,415.6,358,4.5,960,2025-03-09,性价比高，值得购买
P353667,苹果 运动鞋 Pro,运动鞋,新款知名品牌 运动鞋，采用先进工艺，品质保证。,1396.27,1975,3.0,122,2024-06-29,有点小瑕疵，但总体还行
P331824,苹果 纸尿裤 Pro,纸尿裤,知名品牌出品纸尿裤，深受消费者喜爱，口碑之选。,724.01,249,4.0,91,2024-04-17,用起来很方便，推荐
P610019,OPPO 防晒霜 经典款,防晒霜,知名品牌出品防晒霜，深受消费者喜爱，口碑之选。,680.36,3098,3.0,609,2024-06-14,和描述的一致，不错
P921639,小米 婴儿车 新款,婴儿车,知名品牌出品婴儿车，深受消费者喜爱，口碑之选。,684.91,278,4.0,183,2025-02-03,性价比高，值得购买
P703823,vivo 婴儿奶粉 Pro,婴儿奶粉,知名品牌出品婴儿奶粉，深受消费者喜爱，口碑之选。,977.73,186,3.0,223,2024-12-13,有点小瑕疵，但总体还行
P533808,华为 智能手机 Pro,智能手机,新款苹果 智能手机，采用先进工艺，品质保证。,7489.4,478,5.0,893,2024-10-09,用起来很方便，推荐
P710550,vivo 水果礼盒 新款,水果礼盒,新款知名品牌 水果礼盒，采用先进工艺，品质保证。,425.91,3095,4.5,428,2025-02-16,性价比高，值得购买
P602085,苹果 婴儿奶粉 青春版,婴儿奶粉,知名品牌 婴儿奶粉，精选优质材料，适合各类人群使用。,386.72,2308,3.5,666,2024-10-23,有点小瑕疵，但总体还行
P673301,惠普 笔记本电脑 青春版,笔记本电脑,惠普出品笔记本电脑，深受消费者喜爱，口碑之选。,8326.29,493,5.0,275,2023-12-24,性价比高，值得购买
P152621,华为 运动鞋 Pro,运动鞋,知名品牌出品运动鞋，深受消费者喜爱，口碑之选。,565.05,154,2.0,880,2025-02-07,不太符合预期
P591320,华为 女士连衣裙 新款,女士连衣裙,知名品牌出品女士连衣裙，深受消费者喜爱，口碑之选。,414.61,66,3.5,478,2023-10-23,和描述的一致，不错
P596077,耐克 男士T恤 Pro,男士T恤,耐克 男士T恤，精选优质材料，适合各类人群使用。,186.99,2513,2.5,420,2025-04-17,不太符合预期
P768851,小米 平板电脑 青春版,平板电脑,知名品牌出品平板电脑，深受消费者喜爱，口碑之选。,4183.28,190,4.0,328,2024-04-23,用起来很方便，推荐
P308496,华为 纸尿裤 经典款,纸尿裤,新款知名品牌 纸尿裤，采用先进工艺，品质保证。,224.38,750,3.0,434,2024-01-09,有点小瑕疵，但总体还行
P690007,小米 儿童玩具 Pro,儿童玩具,知名品牌 儿童玩具，精选优质材料，适合各类人群使用。,532.02,2367,5.0,63,2024-02-27,质量很好，非常满意
P544597,水星家纺 床上四件套 经典款,床上四件套,多喜爱出品床上四件套，深受消费者喜爱，口碑之选。,305.69,497,3.5,399,2025-06-16,有点小瑕疵，但总体还行
P634550,苹果 婴儿车 新款,婴儿车,知名品牌出品婴儿车，深受消费者喜爱，口碑之选。,910.47,283,3.5,268,2025-07-23,和描述的一致，不错
P750220,小米 婴儿车 新款,婴儿车,知名品牌出品婴儿车，深受消费者喜爱，口碑之选。,63.93,151,5.0,918,2024-04-19,质量很好，非常满意
P787635,OPPO 智能手机 新款,智能手机,苹果出品智能手机，深受消费者喜爱，口碑之选。,6348.57,3348,3.0,395,2024-05-11,和描述的一致，不错
P909184,苹果 婴儿车 青春版,婴儿车,知名品牌 婴儿车，精选优质材料，适合各类人群使用。,457.45,428,3.0,472,2025-02-07,有点小瑕疵，但总体还行
P120160,华为 水果礼盒 青春版,水果礼盒,知名品牌 水果礼盒，精选优质材料，适合各类人群使用。,915.8,2431,5.0,897,2025-01-15,质量很好，非常满意
P945911,小米 防晒霜 Pro,防晒霜,知名品牌 防晒霜，精选优质材料，适合各类人群使用。,891.57,202,2.5,342,2023-12-02,不太符合预期
P780952,华为 电饭煲 新款,电饭煲,知名品牌 电饭煲，精选优质材料，适合各类人群使用。,406.56,2796,5.0,314,2023-08-17,用起来很方便，推荐
P984363,华为 牛奶 新款,牛奶,知名品牌出品牛奶，深受消费者喜爱，口碑之选。,766.19,320,3.0,434,2024-10-19,有点小瑕疵，但总体还行
P597092,苹果 平板电脑 新款,平板电脑,知名品牌出品平板电脑，深受消费者喜爱，口碑之选。,2622.27,3467,3.5,605,2024-01-16,和描述的一致，不错
P601940,华为 女士连衣裙 Pro,女士连衣裙,知名品牌 女士连衣裙，精选优质材料，适合各类人群使用。,927.57,3703,5.0,86,2025-07-12,质量很好，非常满意
P674259,小米 纸尿裤 新款,纸尿裤,知名品牌出品纸尿裤，深受消费者喜爱，口碑之选。,62.01,50,4.0,442,2024-11-23,性价比高，值得购买
P548405,水星家纺 床上四件套 新款,床上四件套,多喜爱出品床上四件套，深受消费者喜爱，口碑之选。,765.99,244,3.5,581,2024-08-24,有点小瑕疵，但总体还行
P959897,小米 平板电脑 Pro,平板电脑,知名品牌出品平板电脑，深受消费者喜爱，口碑之选。,2025.34,54,4.5,408,2024-12-13,质量很好，非常满意
P802199,梦洁 床上四件套 Pro,床上四件套,多喜爱 床上四件套，精选优质材料，适合各类人群使用。,588.93,53,2.5,526,2024-04-05,不太符合预期
P686773,OPPO 台灯 青春版,台灯,新款知名品牌 台灯，采用先进工艺，品质保证。,688.44,628,4.5,272,2025-04-17,质量很好，非常满意
P203421,vivo 女士连衣裙 经典款,女士连衣裙,知名品牌出品女士连衣裙，深受消费者喜爱，口碑之选。,957.27,399,5.0,477,2025-04-14,用起来很方便，推荐
P147400,华为 平板电脑 经典款,平板电脑,新款知名品牌 平板电脑，采用先进工艺，品质保证。,4854.48,370,5.0,654,2024-11-27,质量很好，非常满意
P185240,vivo 水果礼盒 新款,水果礼盒,新款知名品牌 水果礼盒，采用先进工艺，品质保证。,222.96,256,5.0,966,2023-10-24,性价比高，值得购买
P994210,OPPO 电饭煲 Pro,电饭煲,知名品牌出品电饭煲，深受消费者喜爱，口碑之选。,349.98,100,5.0,285,2023-12-03,质量很好，非常满意
P384418,华为 水果礼盒 新款,水果礼盒,新款知名品牌 水果礼盒，采用先进工艺，品质保证。,654.27,882,4.5,974,2025-05-05,性价比高，值得购买
P552838,苹果 防晒霜 青春版,防晒霜,新款知名品牌 防晒霜，采用先进工艺，品质保证。,654.52,442,4.5,264,2025-06-19,用起来很方便，推荐
P289167,华为 智能手机 Pro,智能手机,新款华为 智能手机，采用先进工艺，品质保证。,2268.14,1167,4.5,772,2023-10-26,质量很好，非常满意
P631851,小米 智能手表 Pro,智能手表,知名品牌 智能手表，精选优质材料，适合各类人群使用。,2228.61,170,4.5,679,2023-09-21,质量很好，非常满意
P602484,小米 台灯 Pro,台灯,新款知名品牌 台灯，采用先进工艺，品质保证。,739.32,119,4.0,874,2024-12-09,用起来很方便，推荐
P896696,苹果 女士连衣裙 青春版,女士连衣裙,知名品牌出品女士连衣裙，深受消费者喜爱，口碑之选。,674.93,178,2.0,287,2025-02-18,不太符合预期
P681323,小米 咖啡 经典款,咖啡,知名品牌 咖啡，精选优质材料，适合各类人群使用。,554.76,733,2.5,961,2024-06-07,不太符合预期
P629150,苹果 牛奶 青春版,牛奶,知名品牌出品牛奶，深受消费者喜爱，口碑之选。,288.06,964,4.5,557,2024-11-29,用起来很方便，推荐
P411828,OPPO 运动鞋 新款,运动鞋,知名品牌出品运动鞋，深受消费者喜爱，口碑之选。,753.93,85,4.0,276,2024-11-25,用起来很方便，推荐
P767027,苹果 运动鞋 新款,运动鞋,知名品牌 运动鞋，精选优质材料，适合各类人群使用。,561.89,172,4.5,384,2025-08-08,用起来很方便，推荐
P223974,惠普 笔记本电脑 Pro,笔记本电脑,戴尔出品笔记本电脑，深受消费者喜爱，口碑之选。,10199.48,437,4.5,487,2025-05-19,性价比高，值得购买
P982788,小米 婴儿奶粉 青春版,婴儿奶粉,知名品牌出品婴儿奶粉，深受消费者喜爱，口碑之选。,432.81,475,4.5,925,2024-02-06,用起来很方便，推荐
P591256,OPPO 纸尿裤 Pro,纸尿裤,新款知名品牌 纸尿裤，采用先进工艺，品质保证。,288.37,3215,4.0,4,2025-03-27,性价比高，值得购买
P539216,OPPO 智能手机 青春版,智能手机,OPPO 智能手机，精选优质材料，适合各类人群使用。,6843.35,421,2.5,121,2024-03-05,不太符合预期
P801035,小米 台灯 Pro,台灯,新款知名品牌 台灯，采用先进工艺，品质保证。,391.46,496,4.0,953,2024-07-13,用起来很方便，推荐
P120163,兰蔻 保湿面霜 Pro,保湿面霜,新款SK-II 保湿面霜，采用先进工艺，品质保证。,728.81,937,4.0,498,2025-05-01,用起来很方便，推荐
P177068,vivo 婴儿车 新款,婴儿车,知名品牌出品婴儿车，深受消费者喜爱，口碑之选。,858.65,3980,3.5,690,2023-12-31,有点小瑕疵，但总体还行
P289393,小米 纸尿裤 青春版,纸尿裤,新款知名品牌 纸尿裤，采用先进工艺，品质保证。,701.3,3403,4.5,225,2024-09-02,用起来很方便，推荐
P388500,小米 智能手表 经典款,智能手表,新款知名品牌 智能手表，采用先进工艺，品质保证。,2959.75,2783,3.5,84,2024-09-20,和描述的一致，不错
P691930,苹果 洗发水 Pro,洗发水,新款知名品牌 洗发水，采用先进工艺，品质保证。,425.13,36,5.0,896,2024-09-11,质量很好，非常满意
P609961,华为 智能手机 青春版,智能手机,vivo出品智能手机，深受消费者喜爱，口碑之选。,5648.86,20,5.0,249,2023-08-12,质量很好，非常满意
P740853,vivo 洗发水 Pro,洗发水,新款知名品牌 洗发水，采用先进工艺，品质保证。,599.96,380,5.0,799,2025-02-07,性价比高，值得购买
P821460,OPPO 运动鞋 Pro,运动鞋,新款知名品牌 运动鞋，采用先进工艺，品质保证。,992.86,260,4.5,430,2025-05-16,质量很好，非常满意
P578959,苹果 牛奶 Pro,牛奶,知名品牌 牛奶，精选优质材料，适合各类人群使用。,354.55,213,4.5,657,2025-07-19,用起来很方便，推荐
P162397,vivo 防晒霜 Pro,防晒霜,知名品牌 防晒霜，精选优质材料，适合各类人群使用。,287.45,342,4.0,325,2024-09-04,质量很好，非常满意
P205557,小米 纸尿裤 青春版,纸尿裤,新款知名品牌 纸尿裤，采用先进工艺，品质保证。,894.95,453,4.5,402,2024-08-20,用起来很方便，推荐
P680085,vivo 智能手表 经典款,智能手表,知名品牌出品智能手表，深受消费者喜爱，口碑之选。,1482.94,2950,3.5,223,2024-06-15,和描述的一致，不错
P830736,小米 平板电脑 青春版,平板电脑,新款知名品牌 平板电脑，采用先进工艺，品质保证。,1517.06,23,4.0,774,2024-06-12,性价比高，值得购买
P434991,华为 口红 青春版,口红,知名品牌 口红，精选优质材料，适合各类人群使用。,487.18,335,2.5,328,2025-03-30,不太符合预期
P853434,小米 女士连衣裙 经典款,女士连衣裙,知名品牌 女士连衣裙，精选优质材料，适合各类人群使用。,306.82,35,4.0,437,2025-01-30,用起来很方便，推荐
P757563,耐克 男士T恤 新款,男士T恤,耐克 男士T恤，精选优质材料，适合各类人群使用。,170.06,2441,3.5,152,2024-07-18,有点小瑕疵，但总体还行
P240415,OPPO 婴儿奶粉 经典款,婴儿奶粉,知名品牌出品婴儿奶粉，深受消费者喜爱，口碑之选。,189.34,399,4.0,627,2024-09-03,性价比高，值得购买
P690993,华为 婴儿奶粉 新款,婴儿奶粉,知名品牌 婴儿奶粉，精选优质材料，适合各类人群使用。,375.18,437,5.0,784,2024-11-23,质量很好，非常满意
P566311,华为 吸尘器 经典款,吸尘器,知名品牌出品吸尘器，深受消费者喜爱，口碑之选。,180.73,380,4.0,521,2025-03-24,性价比高，值得购买
P984270,华为 台灯 新款,台灯,知名品牌出品台灯，深受消费者喜爱，口碑之选。,662.11,318,4.5,874,2024-06-18,性价比高，值得购买
P104078,OPPO 水果礼盒 新款,水果礼盒,知名品牌出品水果礼盒，深受消费者喜爱，口碑之选。,911.67,451,4.5,598,2024-02-06,性价比高，值得购买
P572387,小米 台灯 青春版,台灯,知名品牌 台灯，精选优质材料，适合各类人群使用。,970.87,108,3.0,56,2024-10-24,有点小瑕疵，但总体还行
P398848,华为 婴儿车 Pro,婴儿车,知名品牌 婴儿车，精选优质材料，适合各类人群使用。,947.21,316,3.5,845,2025-02-23,有点小瑕疵，但总体还行
P407097,OPPO 纸尿裤 Pro,纸尿裤,新款知名品牌 纸尿裤，采用先进工艺，品质保证。,782.35,1590,5.0,375,2025-02-16,质量很好，非常满意
P308962,华为 电饭煲 青春版,电饭煲,新款知名品牌 电饭煲，采用先进工艺，品质保证。,850.78,485,5.0,17,2024-04-10,性价比高，值得购买
P152201,OPPO 纸尿裤 经典款,纸尿裤,知名品牌出品纸尿裤，深受消费者喜爱，口碑之选。,268.69,3520,3.5,694,2025-01-19,有点小瑕疵，但总体还行
P959522,vivo 儿童玩具 新款,儿童玩具,新款知名品牌 儿童玩具，采用先进工艺，品质保证。,106.36,130,2.5,606,2024-06-19,不太符合预期
P220075,苹果 口红 青春版,口红,新款知名品牌 口红，采用先进工艺，品质保证。,420.12,35,4.5,780,2025-02-18,质量很好，非常满意
P121139,小米 牛奶 经典款,牛奶,知名品牌 牛奶，精选优质材料，适合各类人群使用。,861.61,100,2.5,843,2024-01-16,不太符合预期
P747394,小米 防晒霜 青春版,防晒霜,知名品牌出品防晒霜，深受消费者喜爱，口碑之选。,553.8,18,3.0,177,2024-12-16,和描述的一致，不错
P267292,OPPO 运动鞋 新款,运动鞋,知名品牌 运动鞋，精选优质材料，适合各类人群使用。,239.06,240,4.5,890,2024-12-07,质量很好，非常满意
P964056,小米 电饭煲 青春版,电饭煲,知名品牌 电饭煲，精选优质材料，适合各类人群使用。,618.08,154,4.0,77,2024-11-18,质量很好，非常满意
P106858,OPPO 咖啡 青春版,咖啡,知名品牌 咖啡，精选优质材料，适合各类人群使用。,840.02,667,5.0,592,2023-10-31,质量很好，非常满意
P219505,SK-II 保湿面霜 新款,保湿面霜,SK-II出品保湿面霜，深受消费者喜爱，口碑之选。,468.63,249,5.0,222,2023-10-03,性价比高，值得购买
P545265,罗莱家纺 床上四件套 青春版,床上四件套,梦洁 床上四件套，精选优质材料，适合各类人群使用。,885.99,1108,4.0,666,2025-03-11,质量很好，非常满意
P769341,百草味 休闲零食 青春版,休闲零食,徐福记出品休闲零食，深受消费者喜爱，口碑之选。,120.41,365,2.5,556,2024-06-06,不太符合预期
P905599,苹果 平板电脑 经典款,平板电脑,新款知名品牌 平板电脑，采用先进工艺，品质保证。,5051.6,310,3.5,452,2023-08-19,有点小瑕疵，但总体还行
P363911,小米 女士连衣裙 新款,女士连衣裙,知名品牌 女士连衣裙，精选优质材料，适合各类人群使用。,655.79,3595,2.0,197,2024-07-27,不太符合预期
P698760,戴尔 笔记本电脑 经典款,笔记本电脑,联想 笔记本电脑，精选优质材料，适合各类人群使用。,5543.76,2281,4.0,965,2024-02-12,性价比高，值得购买
P628802,vivo 吸尘器 青春版,吸尘器,知名品牌 吸尘器，精选优质材料，适合各类人群使用。,964.69,16,3.0,843,2025-03-17,有点小瑕疵，但总体还行
P976814,戴尔 笔记本电脑 青春版,笔记本电脑,新款联想 笔记本电脑，采用先进工艺，品质保证。,14343.62,470,3.5,104,2023-12-29,和描述的一致，不错
P587018,华为 水果礼盒 青春版,水果礼盒,知名品牌出品水果礼盒，深受消费者喜爱，口碑之选。,533.89,63,4.5,719,2024-10-04,用起来很方便，推荐
P725091,苹果 纸尿裤 Pro,纸尿裤,知名品牌 纸尿裤，精选优质材料，适合各类人群使用。,869.79,3292,3.5,775,2024-02-26,和描述的一致，不错
P382993,小米 女士连衣裙 青春版,女士连衣裙,知名品牌 女士连衣裙，精选优质材料，适合各类人群使用。,938.43,475,4.0,419,2024-07-26,用起来很方便，推荐
P970563,OPPO 台灯 Pro,台灯,新款知名品牌 台灯，采用先进工艺，品质保证。,266.12,339,5.0,965,2023-09-12,质量很好，非常满意
P485770,小米 牛奶 青春版,牛奶,知名品牌 牛奶，精选优质材料，适合各类人群使用。,182.08,866,5.0,947,2024-03-28,性价比高，值得购买
P421771,华为 吸尘器 经典款,吸尘器,知名品牌出品吸尘器，深受消费者喜爱，口碑之选。,413.31,1142,4.0,506,2024-05-12,用起来很方便，推荐
P680047,相宜本草 保湿面霜 Pro,保湿面霜,相宜本草 保湿面霜，精选优质材料，适合各类人群使用。,188.47,415,2.5,409,2024-04-21,不太符合预期
P862944,华为 台灯 经典款,台灯,知名品牌 台灯，精选优质材料，适合各类人群使用。,903.55,2225,3.5,827,2024-09-14,和描述的一致，不错
P982410,苹果 防晒霜 新款,防晒霜,新款知名品牌 防晒霜，采用先进工艺，品质保证。,205.69,362,3.0,661,2024-08-08,有点小瑕疵，但总体还行
P413416,vivo 平板电脑 新款,平板电脑,新款知名品牌 平板电脑，采用先进工艺，品质保证。,5402.87,2540,2.0,521,2024-04-14,不太符合预期
P240521,洽洽 休闲零食 经典款,休闲零食,洽洽出品休闲零食，深受消费者喜爱，口碑之选。,237.9,5,4.0,260,2024-01-04,质量很好，非常满意
P795349,华为 口红 经典款,口红,新款知名品牌 口红，采用先进工艺，品质保证。,328.47,22,4.5,732,2023-09-14,质量很好，非常满意
P973852,戴尔 笔记本电脑 青春版,笔记本电脑,新款苹果 笔记本电脑，采用先进工艺，品质保证。,12237.72,2765,4.0,969,2023-08-25,用起来很方便，推荐
P929771,华为 防晒霜 Pro,防晒霜,知名品牌出品防晒霜，深受消费者喜爱，口碑之选。,520.1,6932,4.0,12,2024-07-10,质量很好，非常满意
P708654,华为 口红 新款,口红,知名品牌出品口红，深受消费者喜爱，口碑之选。,471.7,170,4.5,450,2023-12-17,质量很好，非常满意
P649514,OPPO 台灯 青春版,台灯,知名品牌出品台灯，深受消费者喜爱，口碑之选。,842.08,355,4.0,424,2024-10-05,用起来很方便，推荐
P555753,OPPO 牛仔裤 青春版,牛仔裤,知名品牌 牛仔裤，精选优质材料，适合各类人群使用。,634.17,94,4.0,46,2023-11-01,性价比高，值得购买
P485457,小米 智能手机 青春版,智能手机,OPPO出品智能手机，深受消费者喜爱，口碑之选。,2352.89,216,3.5,417,2024-06-29,和描述的一致，不错
P528822,OPPO 婴儿车 Pro,婴儿车,知名品牌 婴儿车，精选优质材料，适合各类人群使用。,734.78,2,5.0,645,2025-01-24,性价比高，值得购买
P942137,华为 纸尿裤 Pro,纸尿裤,知名品牌出品纸尿裤，深受消费者喜爱，口碑之选。,383.93,4416,4.0,372,2025-02-19,性价比高，值得购买
P353102,小米 婴儿奶粉 Pro,婴儿奶粉,新款知名品牌 婴儿奶粉，采用先进工艺，品质保证。,520.52,4263,4.0,308,2023-08-14,用起来很方便，推荐
P756721,华为 婴儿奶粉 Pro,婴儿奶粉,新款知名品牌 婴儿奶粉，采用先进工艺，品质保证。,163.97,414,3.5,356,2025-06-19,有点小瑕疵，但总体还行
P938788,vivo 洗发水 青春版,洗发水,新款知名品牌 洗发水，采用先进工艺，品质保证。,837.18,357,5.0,778,2024-03-22,用起来很方便，推荐
P596937,苹果 台灯 经典款,台灯,知名品牌 台灯，精选优质材料，适合各类人群使用。,171.14,442,4.0,912,2024-09-14,质量很好，非常满意
P164042,华为 口红 Pro,口红,知名品牌出品口红，深受消费者喜爱，口碑之选。,212.04,340,4.5,856,2023-10-11,质量很好，非常满意
P378119,小米 儿童玩具 新款,儿童玩具,知名品牌 儿童玩具，精选优质材料，适合各类人群使用。,536.88,103,5.0,579,2023-09-11,性价比高，值得购买
P261704,惠普 笔记本电脑 Pro,笔记本电脑,新款苹果 笔记本电脑，采用先进工艺，品质保证。,13383.52,139,4.0,133,2025-01-10,用起来很方便，推荐
P476030,华为 儿童玩具 经典款,儿童玩具,知名品牌 儿童玩具，精选优质材料，适合各类人群使用。,990.87,106,3.5,964,2025-01-28,有点小瑕疵，但总体还行
P570383,华为 吸尘器 青春版,吸尘器,新款知名品牌 吸尘器，采用先进工艺，品质保证。,207.03,63,4.0,527,2024-02-24,质量很好，非常满意
P875347,OPPO 运动鞋 Pro,运动鞋,知名品牌 运动鞋，精选优质材料，适合各类人群使用。,416.95,154,4.5,310,2025-02-05,质量很好，非常满意
P656787,小米 牛奶 Pro,牛奶,知名品牌出品牛奶，深受消费者喜爱，口碑之选。,246.63,4516,4.5,105,2024-06-07,性价比高，值得购买
P100893,小米 电饭煲 Pro,电饭煲,新款知名品牌 电饭煲，采用先进工艺，品质保证。,181.43,110,4.5,151,2024-02-19,用起来很方便，推荐
P951935,OPPO 平板电脑 Pro,平板电脑,知名品牌 平板电脑，精选优质材料，适合各类人群使用。,2797.54,129,4.5,605,2024-02-16,用起来很方便，推荐
P801879,OPPO 防晒霜 新款,防晒霜,知名品牌出品防晒霜，深受消费者喜爱，口碑之选。,297.82,297,4.5,132,2024-08-05,用起来很方便，推荐
P163367,惠普 笔记本电脑 经典款,笔记本电脑,联想出品笔记本电脑，深受消费者喜爱，口碑之选。,10893.12,486,4.5,676,2024-05-15,用起来很方便，推荐
P363343,华为 防晒霜 新款,防晒霜,知名品牌出品防晒霜，深受消费者喜爱，口碑之选。,797.22,1886,4.5,308,2025-01-09,性价比高，值得购买
P613826,OPPO 洗发水 经典款,洗发水,知名品牌出品洗发水，深受消费者喜爱，口碑之选。,746.95,251,3.0,965,2025-02-25,和描述的一致，不错
P172781,苹果 儿童玩具 Pro,儿童玩具,知名品牌出品儿童玩具，深受消费者喜爱，口碑之选。,705.76,4148,4.5,664,2024-04-01,用起来很方便，推荐
P563100,罗莱家纺 床上四件套 新款,床上四件套,富安娜出品床上四件套，深受消费者喜爱，口碑之选。,398.37,118,4.5,325,2025-07-16,性价比高，值得购买
P153248,苹果 洗发水 Pro,洗发水,知名品牌 洗发水，精选优质材料，适合各类人群使用。,283.65,1816,2.5,311,2023-11-03,不太符合预期
P314235,小米 牛仔裤 经典款,牛仔裤,知名品牌 牛仔裤，精选优质材料，适合各类人群使用。,301.99,15609,3.5,356,2023-11-30,和描述的一致，不错
P129758,富安娜 床上四件套 经典款,床上四件套,富安娜 床上四件套，精选优质材料，适合各类人群使用。,754.78,2988,3.0,871,2023-08-19,有点小瑕疵，但总体还行
P623086,华为 电饭煲 青春版,电饭煲,知名品牌 电饭煲，精选优质材料，适合各类人群使用。,890.22,336,4.5,933,2023-12-28,质量很好，非常满意
P414623,苹果 儿童玩具 新款,儿童玩具,新款知名品牌 儿童玩具，采用先进工艺，品质保证。,918.1,482,2.5,712,2025-03-28,不太符合预期
P613515,苹果 电饭煲 青春版,电饭煲,知名品牌出品电饭煲，深受消费者喜爱，口碑之选。,101.0,431,4.0,243,2024-03-11,性价比高，值得购买
P235161,华为 水果礼盒 Pro,水果礼盒,知名品牌 水果礼盒，精选优质材料，适合各类人群使用。,716.33,1520,4.5,311,2024-08-22,质量很好，非常满意
P865198,H&M 男士T恤 经典款,男士T恤,新款优衣库 男士T恤，采用先进工艺，品质保证。,336.21,94,4.0,915,2023-08-22,性价比高，值得购买
P326527,OPPO 婴儿车 新款,婴儿车,知名品牌 婴儿车，精选优质材料，适合各类人群使用。,42.62,261,5.0,878,2025-07-11,性价比高，值得购买
P960444,vivo 牛仔裤 经典款,牛仔裤,知名品牌 牛仔裤，精选优质材料，适合各类人群使用。,186.64,245,4.5,141,2025-05-02,用起来很方便，推荐
P485570,华为 电饭煲 青春版,电饭煲,新款知名品牌 电饭煲，采用先进工艺，品质保证。,871.47,298,2.5,723,2025-02-24,不太符合预期
P370343,vivo 吸尘器 Pro,吸尘器,知名品牌出品吸尘器，深受消费者喜爱，口碑之选。,128.97,374,1.5,525,2025-04-20,不太符合预期
P229426,vivo 口红 青春版,口红,知名品牌出品口红，深受消费者喜爱，口碑之选。,488.13,135,2.5,357,2025-06-23,不太符合预期
P674014,苹果 水果礼盒 经典款,水果礼盒,知名品牌 水果礼盒，精选优质材料，适合各类人群使用。,429.44,383,2.5,429,2024-01-20,不太符合预期
P406247,梦洁 床上四件套 青春版,床上四件套,水星家纺出品床上四件套，深受消费者喜爱，口碑之选。,611.25,273,3.0,775,2025-02-21,有点小瑕疵，但总体还行
P193106,vivo 台灯 Pro,台灯,知名品牌出品台灯，深受消费者喜爱，口碑之选。,671.07,199,3.5,307,2025-05-07,有点小瑕疵，但总体还行
P497426,小米 吸尘器 经典款,吸尘器,知名品牌出品吸尘器，深受消费者喜爱，口碑之选。,520.21,459,4.0,508,2025-05-02,质量很好，非常满意
P497676,苹果 牛仔裤 青春版,牛仔裤,知名品牌 牛仔裤，精选优质材料，适合各类人群使用。,678.31,132,3.0,338,2024-05-21,有点小瑕疵，但总体还行
P602138,vivo 纸尿裤 青春版,纸尿裤,新款知名品牌 纸尿裤，采用先进工艺，品质保证。,561.46,3848,4.0,507,2024-09-09,用起来很方便，推荐
P492021,雅诗兰黛 保湿面霜 青春版,保湿面霜,兰蔻出品保湿面霜，深受消费者喜爱，口碑之选。,1362.95,1774,2.0,572,2023-09-07,不太符合预期
P997884,vivo 防晒霜 Pro,防晒霜,知名品牌出品防晒霜，深受消费者喜爱，口碑之选。,700.16,240,4.5,212,2024-01-06,用起来很方便，推荐
P947589,vivo 台灯 新款,台灯,知名品牌出品台灯，深受消费者喜爱，口碑之选。,311.31,300,4.0,444,2024-09-21,用起来很方便，推荐
P486030,OPPO 婴儿车 青春版,婴儿车,新款知名品牌 婴儿车，采用先进工艺，品质保证。,282.27,575,4.5,349,2024-07-24,质量很好，非常满意
P891759,华为 防晒霜 Pro,防晒霜,知名品牌 防晒霜，精选优质材料，适合各类人群使用。,324.94,228,3.0,915,2023-11-23,有点小瑕疵，但总体还行
P753002,OPPO 智能手机 青春版,智能手机,小米 智能手机，精选优质材料，适合各类人群使用。,5204.78,106,4.0,920,2025-01-14,质量很好，非常满意
P313660,惠普 笔记本电脑 青春版,笔记本电脑,新款惠普 笔记本电脑，采用先进工艺，品质保证。,5696.4,27,4.0,972,2024-09-12,质量很好，非常满意
P926185,苹果 平板电脑 青春版,平板电脑,知名品牌 平板电脑，精选优质材料，适合各类人群使用。,4697.4,43,3.5,620,2023-09-23,有点小瑕疵，但总体还行
P792154,小米 水果礼盒 青春版,水果礼盒,知名品牌出品水果礼盒，深受消费者喜爱，口碑之选。,360.39,311,4.0,41,2025-06-21,用起来很方便，推荐
P561699,华为 牛奶 Pro,牛奶,新款知名品牌 牛奶，采用先进工艺，品质保证。,523.66,185,4.0,729,2024-05-06,用起来很方便，推荐
P448463,小米 婴儿车 青春版,婴儿车,新款知名品牌 婴儿车，采用先进工艺，品质保证。,743.88,4523,3.0,834,2024-06-13,和描述的一致，不错
P222740,水星家纺 床上四件套 Pro,床上四件套,富安娜 床上四件套，精选优质材料，适合各类人群使用。,730.08,80,3.0,473,2024-08-06,和描述的一致，不错
P569945,罗莱家纺 床上四件套 青春版,床上四件套,新款富安娜 床上四件套，采用先进工艺，品质保证。,725.63,2344,3.5,307,2023-12-31,有点小瑕疵，但总体还行
P898148,苹果 洗发水 新款,洗发水,知名品牌出品洗发水，深受消费者喜爱，口碑之选。,651.57,23,3.0,814,2024-06-30,和描述的一致，不错
P262336,联想 笔记本电脑 青春版,笔记本电脑,戴尔出品笔记本电脑，深受消费者喜爱，口碑之选。,8458.7,163,4.5,690,2024-06-26,性价比高，值得购买
P440237,OPPO 牛仔裤 新款,牛仔裤,新款知名品牌 牛仔裤，采用先进工艺，品质保证。,280.36,167,4.5,876,2025-07-14,质量很好，非常满意
P943288,H&M 男士T恤 青春版,男士T恤,杰克琼斯出品男士T恤，深受消费者喜爱，口碑之选。,261.91,117,3.0,550,2025-07-17,和描述的一致，不错
P709258,惠普 笔记本电脑 新款,笔记本电脑,新款惠普 笔记本电脑，采用先进工艺，品质保证。,12422.24,4816,4.0,420,2025-03-21,性价比高，值得购买
P633769,联想 笔记本电脑 青春版,笔记本电脑,戴尔出品笔记本电脑，深受消费者喜爱，口碑之选。,9480.44,2490,4.0,601,2025-01-16,性价比高，值得购买
P527842,华为 婴儿车 Pro,婴儿车,知名品牌出品婴儿车，深受消费者喜爱，口碑之选。,801.43,236,4.0,45,2024-11-10,性价比高，值得购买
P166376,华为 智能手表 Pro,智能手表,新款知名品牌 智能手表，采用先进工艺，品质保证。,1621.33,116,4.0,638,2024-08-14,质量很好，非常满意
P643238,华为 女士连衣裙 新款,女士连衣裙,知名品牌出品女士连衣裙，深受消费者喜爱，口碑之选。,841.51,292,4.0,157,2024-05-01,性价比高，值得购买
P687572,苹果 咖啡 经典款,咖啡,知名品牌 咖啡，精选优质材料，适合各类人群使用。,690.69,362,4.5,598,2025-02-06,质量很好，非常满意
P133053,OPPO 水果礼盒 新款,水果礼盒,知名品牌 水果礼盒，精选优质材料，适合各类人群使用。,52.39,385,4.5,322,2025-06-07,用起来很方便，推荐
P327343,SK-II 保湿面霜 新款,保湿面霜,雅诗兰黛出品保湿面霜，深受消费者喜爱，口碑之选。,1155.19,360,4.0,695,2024-03-03,性价比高，值得购买
P507050,小米 防晒霜 Pro,防晒霜,知名品牌 防晒霜，精选优质材料，适合各类人群使用。,307.36,16,3.5,785,2024-12-04,有点小瑕疵，但总体还行
P661025,OPPO 婴儿奶粉 青春版,婴儿奶粉,知名品牌 婴儿奶粉，精选优质材料，适合各类人群使用。,398.35,3659,2.5,528,2024-07-02,不太符合预期
P269229,SK-II 保湿面霜 Pro,保湿面霜,兰蔻出品保湿面霜，深受消费者喜爱，口碑之选。,535.91,154,5.0,764,2023-09-06,用起来很方便，推荐
P517282,苹果 牛奶 青春版,牛奶,新款知名品牌 牛奶，采用先进工艺，品质保证。,290.44,144,4.5,999,2024-10-05,用起来很方便，推荐
P608216,小米 口红 青春版,口红,知名品牌出品口红，深受消费者喜爱，口碑之选。,225.45,1779,2.0,578,2023-12-13,不太符合预期
P286717,华为 婴儿车 新款,婴儿车,新款知名品牌 婴儿车，采用先进工艺，品质保证。,831.29,3985,4.0,476,2024-05-15,质量很好，非常满意
P538783,苹果 女士连衣裙 Pro,女士连衣裙,知名品牌出品女士连衣裙，深受消费者喜爱，口碑之选。,569.81,282,4.5,955,2025-08-04,质量很好，非常满意
P724910,华为 口红 青春版,口红,知名品牌 口红，精选优质材料，适合各类人群使用。,449.7,2425,2.0,71,2024-03-11,不太符合预期
P515903,相宜本草 保湿面霜 Pro,保湿面霜,新款雅诗兰黛 保湿面霜，采用先进工艺，品质保证。,1327.25,816,2.5,962,2023-09-02,不太符合预期
P143392,百草味 休闲零食 经典款,休闲零食,新款徐福记 休闲零食，采用先进工艺，品质保证。,553.93,2064,4.5,264,2025-01-05,性价比高，值得购买
P222702,vivo 吸尘器 新款,吸尘器,知名品牌 吸尘器，精选优质材料，适合各类人群使用。,859.02,292,3.5,882,2023-08-25,有点小瑕疵，但总体还行
P582849,OPPO 口红 新款,口红,新款知名品牌 口红，采用先进工艺，品质保证。,370.63,2455,4.0,803,2024-06-30,性价比高，值得购买
P163763,华为 咖啡 Pro,咖啡,知名品牌出品咖啡，深受消费者喜爱，口碑之选。,431.34,253,3.0,372,2024-05-03,和描述的一致，不错
P938244,华为 笔记本电脑 Pro,笔记本电脑,华为 笔记本电脑，精选优质材料，适合各类人群使用。,10318.03,307,5.0,832,2023-10-16,用起来很方便，推荐
P636678,富安娜 床上四件套 Pro,床上四件套,新款梦洁 床上四件套，采用先进工艺，品质保证。,449.33,3135,4.5,930,2025-04-22,用起来很方便，推荐
P331710,OPPO 运动鞋 新款,运动鞋,知名品牌 运动鞋，精选优质材料，适合各类人群使用。,245.13,102,5.0,584,2025-06-11,质量很好，非常满意
P189339,vivo 牛仔裤 Pro,牛仔裤,知名品牌 牛仔裤，精选优质材料，适合各类人群使用。,359.82,318,3.0,549,2025-05-15,有点小瑕疵，但总体还行
P296984,华为 儿童玩具 青春版,儿童玩具,知名品牌出品儿童玩具，深受消费者喜爱，口碑之选。,102.12,188,4.5,53,2024-02-10,性价比高，值得购买
P566368,小米 口红 青春版,口红,新款知名品牌 口红，采用先进工艺，品质保证。,293.06,399,5.0,691,2025-07-04,性价比高，值得购买
P396157,OPPO 台灯 Pro,台灯,知名品牌 台灯，精选优质材料，适合各类人群使用。,569.36,1388,3.0,152,2024-02-13,和描述的一致，不错
P565219,雅诗兰黛 保湿面霜 Pro,保湿面霜,资生堂出品保湿面霜，深受消费者喜爱，口碑之选。,147.39,243,4.0,371,2025-07-31,质量很好，非常满意
P899469,小米 牛仔裤 新款,牛仔裤,新款知名品牌 牛仔裤，采用先进工艺，品质保证。,755.9,401,2.5,556,2025-01-23,不太符合预期
P595798,苹果 水果礼盒 青春版,水果礼盒,新款知名品牌 水果礼盒，采用先进工艺，品质保证。,760.59,2629,4.5,785,2023-12-23,性价比高，值得购买
P299340,小米 牛奶 经典款,牛奶,新款知名品牌 牛奶，采用先进工艺，品质保证。,457.02,175,2.5,9,2025-05-19,不太符合预期
P516420,vivo 智能手机 青春版,智能手机,新款OPPO 智能手机，采用先进工艺，品质保证。,1357.78,402,2.5,642,2024-04-04,不太符合预期
P329968,苹果 洗发水 Pro,洗发水,知名品牌出品洗发水，深受消费者喜爱，口碑之选。,585.55,2390,3.0,871,2024-06-05,和描述的一致，不错
P903205,苹果 纸尿裤 经典款,纸尿裤,新款知名品牌 纸尿裤，采用先进工艺，品质保证。,857.65,79,2.0,688,2025-04-08,不太符合预期
P121072,苹果 水果礼盒 青春版,水果礼盒,知名品牌 水果礼盒，精选优质材料，适合各类人群使用。,676.97,460,4.5,143,2024-01-12,性价比高，值得购买
P456356,OPPO 电饭煲 经典款,电饭煲,知名品牌出品电饭煲，深受消费者喜爱，口碑之选。,624.47,112,5.0,242,2024-06-24,性价比高，值得购买
P510845,OPPO 电饭煲 经典款,电饭煲,知名品牌出品电饭煲，深受消费者喜爱，口碑之选。,146.3,367,3.5,407,2025-01-10,有点小瑕疵，但总体还行
P264044,苹果 婴儿奶粉 经典款,婴儿奶粉,知名品牌 婴儿奶粉，精选优质材料，适合各类人群使用。,214.29,407,4.0,156,2025-06-29,质量很好，非常满意
P556297,小米 女士连衣裙 经典款,女士连衣裙,知名品牌出品女士连衣裙，深受消费者喜爱，口碑之选。,781.89,420,3.5,821,2024-04-23,和描述的一致，不错
P112921,华为 咖啡 Pro,咖啡,知名品牌 咖啡，精选优质材料，适合各类人群使用。,229.51,48,5.0,159,2024-07-29,性价比高，值得购买
P183741,ZARA 男士T恤 Pro,男士T恤,ZARA出品男士T恤，深受消费者喜爱，口碑之选。,144.89,261,3.5,788,2025-04-13,有点小瑕疵，但总体还行
P324667,小米 洗发水 Pro,洗发水,新款知名品牌 洗发水，采用先进工艺，品质保证。,203.55,161,3.5,346,2023-11-29,和描述的一致，不错
P153089,华为 儿童玩具 经典款,儿童玩具,知名品牌 儿童玩具，精选优质材料，适合各类人群使用。,268.44,109,4.0,357,2025-04-24,性价比高，值得购买
P228128,苹果 洗发水 Pro,洗发水,新款知名品牌 洗发水，采用先进工艺，品质保证。,661.18,140,5.0,777,2024-03-19,质量很好，非常满意
P946816,vivo 台灯 Pro,台灯,知名品牌 台灯，精选优质材料，适合各类人群使用。,38.36,46,4.5,311,2023-12-08,性价比高，值得购买
P868582,OPPO 电饭煲 青春版,电饭煲,知名品牌 电饭煲，精选优质材料，适合各类人群使用。,638.79,262,2.5,909,2024-10-08,不太符合预期
P622527,vivo 牛奶 青春版,牛奶,知名品牌出品牛奶，深受消费者喜爱，口碑之选。,918.69,1699,4.5,238,2024-08-11,质量很好，非常满意
P123056,苹果 纸尿裤 经典款,纸尿裤,新款知名品牌 纸尿裤，采用先进工艺，品质保证。,720.43,3907,3.5,300,2024-03-13,和描述的一致，不错
P578066,OPPO 台灯 经典款,台灯,新款知名品牌 台灯，采用先进工艺，品质保证。,439.02,214,5.0,850,2024-04-20,用起来很方便，推荐
P450685,OPPO 运动鞋 经典款,运动鞋,新款知名品牌 运动鞋，采用先进工艺，品质保证。,403.68,926,4.5,183,2025-02-16,用起来很方便，推荐
P100307,华为 水果礼盒 青春版,水果礼盒,知名品牌 水果礼盒，精选优质材料，适合各类人群使用。,350.19,240,4.0,421,2024-02-19,性价比高，值得购买
P655965,vivo 防晒霜 新款,防晒霜,新款知名品牌 防晒霜，采用先进工艺，品质保证。,579.62,1476,3.5,423,2025-03-02,有点小瑕疵，但总体还行
P237305,华为 婴儿车 新款,婴儿车,知名品牌出品婴儿车，深受消费者喜爱，口碑之选。,850.78,137,5.0,904,2025-05-03,质量很好，非常满意
P564123,苹果 牛仔裤 Pro,牛仔裤,知名品牌出品牛仔裤，深受消费者喜爱，口碑之选。,107.85,4563,1.5,653,2023-08-27,不太符合预期
P774514,vivo 洗发水 Pro,洗发水,知名品牌 洗发水，精选优质材料，适合各类人群使用。,602.47,4451,4.5,482,2025-01-28,用起来很方便，推荐
P814411,vivo 电饭煲 青春版,电饭煲,知名品牌出品电饭煲，深受消费者喜爱，口碑之选。,143.15,4757,4.0,122,2024-10-21,性价比高，值得购买
P948699,OPPO 平板电脑 新款,平板电脑,知名品牌出品平板电脑，深受消费者喜爱，口碑之选。,2224.28,12,4.5,253,2023-12-01,质量很好，非常满意
P240850,洽洽 休闲零食 青春版,休闲零食,新款洽洽 休闲零食，采用先进工艺，品质保证。,789.66,388,4.0,502,2024-08-22,质量很好，非常满意
P922651,雅诗兰黛 保湿面霜 经典款,保湿面霜,新款SK-II 保湿面霜，采用先进工艺，品质保证。,1124.87,271,4.5,596,2023-09-30,用起来很方便，推荐
P895723,苹果 台灯 新款,台灯,新款知名品牌 台灯，采用先进工艺，品质保证。,879.76,1048,2.0,82,2023-10-01,不太符合预期
P572254,多喜爱 床上四件套 青春版,床上四件套,富安娜 床上四件套，精选优质材料，适合各类人群使用。,308.95,329,5.0,942,2024-05-03,质量很好，非常满意
P655079,vivo 牛仔裤 新款,牛仔裤,新款知名品牌 牛仔裤，采用先进工艺，品质保证。,444.35,158,4.5,484,2024-03-26,性价比高，值得购买
P654788,水星家纺 床上四件套 青春版,床上四件套,多喜爱出品床上四件套，深受消费者喜爱，口碑之选。,48.13,253,4.5,373,2023-11-13,质量很好，非常满意
P307437,苹果 平板电脑 Pro,平板电脑,新款知名品牌 平板电脑，采用先进工艺，品质保证。,3558.07,2887,4.0,448,2025-01-22,用起来很方便，推荐
P884100,小米 牛仔裤 青春版,牛仔裤,新款知名品牌 牛仔裤，采用先进工艺，品质保证。,739.05,315,4.5,693,2024-02-04,性价比高，值得购买
P962099,富安娜 床上四件套 Pro,床上四件套,罗莱家纺出品床上四件套，深受消费者喜爱，口碑之选。,544.33,199,3.0,407,2025-02-28,有点小瑕疵，但总体还行
P775306,小米 防晒霜 青春版,防晒霜,新款知名品牌 防晒霜，采用先进工艺，品质保证。,405.25,4800,3.5,768,2024-10-01,和描述的一致，不错
P712532,富安娜 床上四件套 Pro,床上四件套,新款梦洁 床上四件套，采用先进工艺，品质保证。,587.89,434,4.0,390,2024-06-17,性价比高，值得购买
P523288,苹果 平板电脑 新款,平板电脑,知名品牌 平板电脑，精选优质材料，适合各类人群使用。,2896.28,144,5.0,647,2025-06-03,用起来很方便，推荐
P614961,华为 平板电脑 经典款,平板电脑,知名品牌 平板电脑，精选优质材料，适合各类人群使用。,4138.97,400,5.0,392,2024-02-11,性价比高，值得购买
P277253,OPPO 女士连衣裙 经典款,女士连衣裙,新款知名品牌 女士连衣裙，采用先进工艺，品质保证。,512.4,100,3.0,413,2024-02-09,和描述的一致，不错
P191020,vivo 咖啡 Pro,咖啡,新款知名品牌 咖啡，采用先进工艺，品质保证。,760.63,271,4.0,171,2023-11-04,质量很好，非常满意
P137050,H&M 男士T恤 青春版,男士T恤,杰克琼斯 男士T恤，精选优质材料，适合各类人群使用。,161.3,316,4.0,346,2024-06-28,性价比高，值得购买
P623682,华为 牛奶 青春版,牛奶,知名品牌出品牛奶，深受消费者喜爱，口碑之选。,244.47,204,3.5,526,2023-09-28,有点小瑕疵，但总体还行
P386976,苹果 智能手机 经典款,智能手机,OPPO出品智能手机，深受消费者喜爱，口碑之选。,5618.17,493,4.5,655,2025-06-13,用起来很方便，推荐
P836635,华为 台灯 Pro,台灯,知名品牌 台灯，精选优质材料，适合各类人群使用。,414.83,3465,4.0,699,2023-10-22,用起来很方便，推荐
P655501,OPPO 吸尘器 青春版,吸尘器,新款知名品牌 吸尘器，采用先进工艺，品质保证。,928.88,195,5.0,111,2024-05-21,用起来很方便，推荐
P877404,苹果 智能手机 经典款,智能手机,小米 智能手机，精选优质材料，适合各类人群使用。,6499.12,4544,3.5,352,2024-03-21,和描述的一致，不错
P234468,vivo 吸尘器 新款,吸尘器,知名品牌 吸尘器，精选优质材料，适合各类人群使用。,597.63,413,2.5,481,2025-01-05,不太符合预期
P731944,资生堂 保湿面霜 经典款,保湿面霜,雅诗兰黛出品保湿面霜，深受消费者喜爱，口碑之选。,1009.53,462,5.0,625,2024-07-31,性价比高，值得购买
P249465,OPPO 平板电脑 青春版,平板电脑,新款知名品牌 平板电脑，采用先进工艺，品质保证。,2123.16,133,4.0,546,2025-05-24,性价比高，值得购买
P846167,华为 牛奶 青春版,牛奶,新款知名品牌 牛奶，采用先进工艺，品质保证。,130.67,1770,4.5,683,2023-10-31,用起来很方便，推荐
P867200,百草味 休闲零食 新款,休闲零食,新款洽洽 休闲零食，采用先进工艺，品质保证。,862.08,302,2.5,797,2024-02-02,不太符合预期
P516562,苹果 吸尘器 Pro,吸尘器,新款知名品牌 吸尘器，采用先进工艺，品质保证。,37.51,2829,3.0,518,2025-04-25,有点小瑕疵，但总体还行
P932791,华为 防晒霜 Pro,防晒霜,新款知名品牌 防晒霜，采用先进工艺，品质保证。,411.04,1453,4.0,921,2025-02-06,用起来很方便，推荐
P533574,vivo 水果礼盒 新款,水果礼盒,知名品牌出品水果礼盒，深受消费者喜爱，口碑之选。,337.04,340,4.5,833,2023-10-25,质量很好，非常满意
P797615,小米 咖啡 青春版,咖啡,知名品牌 咖啡，精选优质材料，适合各类人群使用。,274.04,12267,4.5,229,2024-03-27,质量很好，非常满意
P655244,良品铺子 休闲零食 新款,休闲零食,新款洽洽 休闲零食，采用先进工艺，品质保证。,234.38,356,5.0,921,2025-04-04,质量很好，非常满意
P266922,小米 口红 经典款,口红,新款知名品牌 口红，采用先进工艺，品质保证。,345.09,3796,3.0,518,2024-08-30,有点小瑕疵，但总体还行
P346358,OPPO 防晒霜 经典款,防晒霜,新款知名品牌 防晒霜，采用先进工艺，品质保证。,10.8,6,2.5,157,2025-08-01,不太符合预期
P470203,华为 牛奶 新款,牛奶,知名品牌出品牛奶，深受消费者喜爱，口碑之选。,784.49,4987,3.5,837,2024-10-11,有点小瑕疵，但总体还行
P247040,OPPO 防晒霜 新款,防晒霜,新款知名品牌 防晒霜，采用先进工艺，品质保证。,27.83,240,3.5,353,2024-11-14,和描述的一致，不错
P710952,华为 纸尿裤 Pro,纸尿裤,知名品牌 纸尿裤，精选优质材料，适合各类人群使用。,133.01,3679,3.0,965,2023-08-27,和描述的一致，不错
P906723,苹果 牛仔裤 新款,牛仔裤,知名品牌出品牛仔裤，深受消费者喜爱，口碑之选。,139.73,172,3.5,679,2024-05-05,有点小瑕疵，但总体还行
P890488,vivo 台灯 Pro,台灯,新款知名品牌 台灯，采用先进工艺，品质保证。,945.33,1177,3.0,176,2024-05-25,和描述的一致，不错
P844620,相宜本草 保湿面霜 新款,保湿面霜,新款兰蔻 保湿面霜，采用先进工艺，品质保证。,978.69,4801,4.0,518,2025-03-10,性价比高，值得购买
P294194,OPPO 咖啡 青春版,咖啡,新款知名品牌 咖啡，采用先进工艺，品质保证。,526.69,260,5.0,626,2024-07-29,性价比高，值得购买
P817626,小米 女士连衣裙 经典款,女士连衣裙,知名品牌 女士连衣裙，精选优质材料，适合各类人群使用。,471.29,346,3.0,127,2024-01-21,和描述的一致，不错
P939017,苹果 婴儿车 青春版,婴儿车,知名品牌 婴儿车，精选优质材料，适合各类人群使用。,630.52,460,4.0,91,2025-07-26,性价比高，值得购买
P849033,徐福记 休闲零食 新款,休闲零食,三只松鼠 休闲零食，精选优质材料，适合各类人群使用。,353.38,4347,4.5,96,2024-11-08,用起来很方便，推荐
P175568,OPPO 台灯 新款,台灯,知名品牌 台灯，精选优质材料，适合各类人群使用。,135.08,1592,2.5,891,2024-12-03,不太符合预期
P315461,苹果 牛仔裤 青春版,牛仔裤,知名品牌 牛仔裤，精选优质材料，适合各类人群使用。,503.26,403,3.5,28,2024-04-27,有点小瑕疵，但总体还行
P153324,三只松鼠 休闲零食 新款,休闲零食,新款徐福记 休闲零食，采用先进工艺，品质保证。,897.52,3,4.5,837,2023-11-18,用起来很方便，推荐
P996047,小米 儿童玩具 Pro,儿童玩具,新款知名品牌 儿童玩具，采用先进工艺，品质保证。,387.14,197,4.5,532,2024-02-15,用起来很方便，推荐
P168727,苹果 运动鞋 青春版,运动鞋,知名品牌出品运动鞋，深受消费者喜爱，口碑之选。,1338.23,17669,3.5,889,2025-04-10,有点小瑕疵，但总体还行
P412523,百草味 休闲零食 新款,休闲零食,徐福记 休闲零食，精选优质材料，适合各类人群使用。,947.62,464,2.5,192,2025-03-30,不太符合预期
P429451,vivo 咖啡 青春版,咖啡,知名品牌出品咖啡，深受消费者喜爱，口碑之选。,298.73,177,2.5,311,2025-05-01,不太符合预期
P888429,OPPO 台灯 经典款,台灯,新款知名品牌 台灯，采用先进工艺，品质保证。,759.21,150,3.5,19,2024-06-05,有点小瑕疵，但总体还行
P328997,vivo 口红 Pro,口红,新款知名品牌 口红，采用先进工艺，品质保证。,325.35,167,2.5,132,2024-02-21,不太符合预期
P371445,富安娜 床上四件套 经典款,床上四件套,新款梦洁 床上四件套，采用先进工艺，品质保证。,484.29,106,4.5,19,2024-01-13,性价比高，值得购买
P432989,苹果 女士连衣裙 新款,女士连衣裙,知名品牌出品女士连衣裙，深受消费者喜爱，口碑之选。,827.89,421,3.0,585,2024-09-14,和描述的一致，不错
P822167,苹果 水果礼盒 青春版,水果礼盒,新款知名品牌 水果礼盒，采用先进工艺，品质保证。,327.84,383,5.0,156,2025-07-25,质量很好，非常满意
P202345,OPPO 儿童玩具 经典款,儿童玩具,知名品牌出品儿童玩具，深受消费者喜爱，口碑之选。,764.68,86,4.5,584,2025-04-22,性价比高，值得购买
P196161,vivo 智能手机 新款,智能手机,新款华为 智能手机，采用先进工艺，品质保证。,7990.99,614,4.5,981,2024-02-12,性价比高，值得购买
P680898,小米 洗发水 新款,洗发水,知名品牌 洗发水，精选优质材料，适合各类人群使用。,383.18,4461,4.5,691,2025-01-15,性价比高，值得购买
P329420,OPPO 运动鞋 经典款,运动鞋,新款知名品牌 运动鞋，采用先进工艺，品质保证。,446.94,1565,3.5,313,2025-05-30,有点小瑕疵，但总体还行
P583026,苹果 智能手表 经典款,智能手表,新款知名品牌 智能手表，采用先进工艺，品质保证。,521.52,454,4.0,914,2023-12-25,性价比高，值得购买
P913244,华为 台灯 经典款,台灯,新款知名品牌 台灯，采用先进工艺，品质保证。,106.48,282,1.5,822,2023-10-11,不太符合预期
P369088,华为 牛仔裤 青春版,牛仔裤,新款知名品牌 牛仔裤，采用先进工艺，品质保证。,535.45,1011,3.5,863,2025-06-14,和描述的一致，不错
P228444,华为 电饭煲 新款,电饭煲,知名品牌出品电饭煲，深受消费者喜爱，口碑之选。,269.52,370,4.5,6,2025-08-04,质量很好，非常满意
P177535,OPPO 洗发水 Pro,洗发水,知名品牌 洗发水，精选优质材料，适合各类人群使用。,787.32,491,4.5,47,2023-10-29,性价比高，值得购买
P834851,vivo 洗发水 经典款,洗发水,知名品牌出品洗发水，深受消费者喜爱，口碑之选。,839.48,410,3.5,901,2023-10-19,和描述的一致，不错
P481338,小米 婴儿车 Pro,婴儿车,知名品牌出品婴儿车，深受消费者喜爱，口碑之选。,517.24,1848,2.5,250,2025-06-18,不太符合预期
P674811,华为 智能手机 Pro,智能手机,新款OPPO 智能手机，采用先进工艺，品质保证。,6364.77,4798,4.5,429,2025-05-18,用起来很方便，推荐
P630660,苹果 笔记本电脑 新款,笔记本电脑,苹果 笔记本电脑，精选优质材料，适合各类人群使用。,4868.1,467,3.5,88,2024-01-29,有点小瑕疵，但总体还行
P683583,相宜本草 保湿面霜 Pro,保湿面霜,新款资生堂 保湿面霜，采用先进工艺，品质保证。,182.58,2028,4.5,464,2024-03-25,性价比高，值得购买
P884598,兰蔻 保湿面霜 Pro,保湿面霜,资生堂出品保湿面霜，深受消费者喜爱，口碑之选。,514.02,2927,3.5,943,2024-01-15,有点小瑕疵，但总体还行
P643164,苹果 水果礼盒 经典款,水果礼盒,知名品牌 水果礼盒，精选优质材料，适合各类人群使用。,576.37,1505,3.5,319,2024-10-11,和描述的一致，不错
P964863,OPPO 婴儿车 Pro,婴儿车,新款知名品牌 婴儿车，采用先进工艺，品质保证。,542.14,184,4.0,9,2024-07-16,质量很好，非常满意
P170176,OPPO 女士连衣裙 经典款,女士连衣裙,新款知名品牌 女士连衣裙，采用先进工艺，品质保证。,619.25,449,4.0,756,2024-07-28,性价比高，值得购买
P515395,vivo 儿童玩具 经典款,儿童玩具,知名品牌出品儿童玩具，深受消费者喜爱，口碑之选。,544.88,467,5.0,755,2025-04-08,性价比高，值得购买
P282068,vivo 水果礼盒 新款,水果礼盒,知名品牌 水果礼盒，精选优质材料，适合各类人群使用。,651.61,127,3.5,602,2023-11-27,有点小瑕疵，但总体还行
P790330,苹果 纸尿裤 青春版,纸尿裤,知名品牌 纸尿裤，精选优质材料，适合各类人群使用。,892.34,2687,5.0,47,2024-06-20,性价比高，值得购买
P106581,小米 吸尘器 经典款,吸尘器,知名品牌 吸尘器，精选优质材料，适合各类人群使用。,637.48,272,3.5,354,2024-10-21,有点小瑕疵，但总体还行
P220143,徐福记 休闲零食 青春版,休闲零食,三只松鼠 休闲零食，精选优质材料，适合各类人群使用。,614.57,204,4.0,221,2024-09-07,用起来很方便，推荐
P162573,OPPO 台灯 青春版,台灯,知名品牌 台灯，精选优质材料，适合各类人群使用。,56.83,32,4.0,603,2023-12-17,用起来很方便，推荐
P416000,OPPO 防晒霜 Pro,防晒霜,知名品牌出品防晒霜，深受消费者喜爱，口碑之选。,167.97,401,4.5,900,2023-09-23,质量很好，非常满意
P819456,vivo 女士连衣裙 新款,女士连衣裙,知名品牌 女士连衣裙，精选优质材料，适合各类人群使用。,214.49,293,2.0,949,2025-04-30,不太符合预期
P814922,OPPO 平板电脑 青春版,平板电脑,知名品牌 平板电脑，精选优质材料，适合各类人群使用。,1922.97,4223,4.5,354,2024-02-01,用起来很方便，推荐
P240425,华为 智能手表 经典款,智能手表,新款知名品牌 智能手表，采用先进工艺，品质保证。,1107.27,171,4.5,233,2024-04-21,用起来很方便，推荐
P881242,兰蔻 保湿面霜 青春版,保湿面霜,SK-II 保湿面霜，精选优质材料，适合各类人群使用。,114.13,1539,5.0,552,2023-09-30,用起来很方便，推荐
P318090,vivo 水果礼盒 新款,水果礼盒,新款知名品牌 水果礼盒，采用先进工艺，品质保证。,678.19,179,4.0,791,2023-12-29,性价比高，值得购买
P179294,vivo 牛奶 青春版,牛奶,知名品牌 牛奶，精选优质材料，适合各类人群使用。,71.29,4097,4.0,544,2024-12-17,质量很好，非常满意
P345993,华为 防晒霜 Pro,防晒霜,新款知名品牌 防晒霜，采用先进工艺，品质保证。,442.7,256,4.0,131,2024-08-21,用起来很方便，推荐
P253633,vivo 儿童玩具 经典款,儿童玩具,知名品牌 儿童玩具，精选优质材料，适合各类人群使用。,958.92,4799,4.5,821,2024-10-17,质量很好，非常满意
P538403,小米 智能手机 Pro,智能手机,新款vivo 智能手机，采用先进工艺，品质保证。,3968.21,7,4.5,71,2024-06-29,质量很好，非常满意
P210637,苹果 牛奶 新款,牛奶,知名品牌 牛奶，精选优质材料，适合各类人群使用。,171.92,125,5.0,518,2025-03-22,质量很好，非常满意
P544837,vivo 水果礼盒 青春版,水果礼盒,知名品牌 水果礼盒，精选优质材料，适合各类人群使用。,286.16,2737,4.5,285,2023-10-23,质量很好，非常满意
P581727,华为 智能手表 新款,智能手表,知名品牌出品智能手表，深受消费者喜爱，口碑之选。,2688.54,337,3.5,806,2024-03-30,和描述的一致，不错
P407848,vivo 牛仔裤 Pro,牛仔裤,知名品牌 牛仔裤，精选优质材料，适合各类人群使用。,345.67,90,3.0,937,2023-09-26,和描述的一致，不错
P244292,杰克琼斯 男士T恤 青春版,男士T恤,新款ZARA 男士T恤，采用先进工艺，品质保证。,108.32,412,4.5,340,2025-06-19,用起来很方便，推荐
P213899,苹果 水果礼盒 青春版,水果礼盒,知名品牌 水果礼盒，精选优质材料，适合各类人群使用。,369.04,3,4.5,891,2025-05-17,用起来很方便，推荐
P900358,华为 水果礼盒 经典款,水果礼盒,知名品牌出品水果礼盒，深受消费者喜爱，口碑之选。,284.38,4971,4.0,697,2023-10-30,用起来很方便，推荐
P910695,小米 婴儿奶粉 Pro,婴儿奶粉,知名品牌 婴儿奶粉，精选优质材料，适合各类人群使用。,248.07,1929,3.0,937,2024-11-21,有点小瑕疵，但总体还行
P979924,vivo 吸尘器 经典款,吸尘器,知名品牌 吸尘器，精选优质材料，适合各类人群使用。,501.25,3288,4.0,691,2023-12-01,性价比高，值得购买
P374715,OPPO 儿童玩具 青春版,儿童玩具,知名品牌出品儿童玩具，深受消费者喜爱，口碑之选。,149.17,2669,4.5,65,2024-07-31,性价比高，值得购买
P550116,苹果 婴儿奶粉 青春版,婴儿奶粉,新款知名品牌 婴儿奶粉，采用先进工艺，品质保证。,72.03,97,3.0,961,2024-10-28,和描述的一致，不错
P656443,苹果 咖啡 Pro,咖啡,知名品牌 咖啡，精选优质材料，适合各类人群使用。,795.58,226,4.0,304,2024-09-29,用起来很方便，推荐
P338752,苹果 智能手机 新款,智能手机,新款小米 智能手机，采用先进工艺，品质保证。,1979.38,4680,2.5,692,2023-11-17,不太符合预期
P494354,vivo 纸尿裤 青春版,纸尿裤,新款知名品牌 纸尿裤，采用先进工艺，品质保证。,165.98,160,3.0,976,2025-03-07,有点小瑕疵，但总体还行
P759641,vivo 洗发水 Pro,洗发水,知名品牌 洗发水，精选优质材料，适合各类人群使用。,58.19,287,5.0,146,2024-05-08,用起来很方便，推荐
P291149,苹果 牛奶 Pro,牛奶,新款知名品牌 牛奶，采用先进工艺，品质保证。,419.98,156,3.0,478,2024-06-20,和描述的一致，不错
P901858,OPPO 牛奶 新款,牛奶,知名品牌出品牛奶，深受消费者喜爱，口碑之选。,32.45,164,3.0,796,2025-02-05,有点小瑕疵，但总体还行
P523612,小米 女士连衣裙 Pro,女士连衣裙,新款知名品牌 女士连衣裙，采用先进工艺，品质保证。,570.6,3378,4.5,710,2024-02-01,性价比高，值得购买
P546691,良品铺子 休闲零食 Pro,休闲零食,新款良品铺子 休闲零食，采用先进工艺，品质保证。,49.26,486,5.0,184,2025-03-05,质量很好，非常满意
P627201,耐克 男士T恤 经典款,男士T恤,新款杰克琼斯 男士T恤，采用先进工艺，品质保证。,431.78,504,4.5,509,2025-03-15,用起来很方便，推荐
P459538,小米 婴儿车 青春版,婴儿车,知名品牌 婴儿车，精选优质材料，适合各类人群使用。,862.4,3346,1.5,101,2024-05-09,不太符合预期
P793813,苹果 婴儿奶粉 经典款,婴儿奶粉,知名品牌出品婴儿奶粉，深受消费者喜爱，口碑之选。,342.16,167,3.5,148,2024-08-12,有点小瑕疵，但总体还行
P804107,苹果 婴儿奶粉 Pro,婴儿奶粉,知名品牌出品婴儿奶粉，深受消费者喜爱，口碑之选。,470.17,71,1.5,939,2024-12-05,不太符合预期
P114017,OPPO 婴儿奶粉 青春版,婴儿奶粉,新款知名品牌 婴儿奶粉，采用先进工艺，品质保证。,790.35,10845,4.0,449,2023-10-17,性价比高，值得购买
P533965,苹果 防晒霜 青春版,防晒霜,知名品牌 防晒霜，精选优质材料，适合各类人群使用。,787.28,3302,5.0,65,2024-07-13,性价比高，值得购买
P547207,华为 笔记本电脑 Pro,笔记本电脑,联想 笔记本电脑，精选优质材料，适合各类人群使用。,6927.5,227,5.0,825,2024-10-29,用起来很方便，推荐
P787147,优衣库 男士T恤 经典款,男士T恤,杰克琼斯 男士T恤，精选优质材料，适合各类人群使用。,347.76,145,3.0,865,2024-05-27,有点小瑕疵，但总体还行
P277599,华为 水果礼盒 Pro,水果礼盒,知名品牌 水果礼盒，精选优质材料，适合各类人群使用。,594.63,269,4.5,47,2025-02-11,质量很好，非常满意
P352970,惠普 笔记本电脑 青春版,笔记本电脑,新款联想 笔记本电脑，采用先进工艺，品质保证。,5282.82,152,3.0,45,2025-03-30,有点小瑕疵，但总体还行
P881963,华为 智能手机 经典款,智能手机,OPPO 智能手机，精选优质材料，适合各类人群使用。,2846.29,3212,5.0,441,2024-10-28,用起来很方便，推荐
P327253,华为 纸尿裤 青春版,纸尿裤,知名品牌 纸尿裤，精选优质材料，适合各类人群使用。,455.91,18415,4.5,210,2023-08-20,性价比高，值得购买
P805360,苹果 吸尘器 新款,吸尘器,新款知名品牌 吸尘器，采用先进工艺，品质保证。,503.31,9338,4.0,741,2024-07-03,用起来很方便，推荐
P683073,洽洽 休闲零食 青春版,休闲零食,洽洽出品休闲零食，深受消费者喜爱，口碑之选。,556.26,279,5.0,488,2024-07-06,用起来很方便，推荐
P696441,vivo 牛仔裤 经典款,牛仔裤,新款知名品牌 牛仔裤，采用先进工艺，品质保证。,106.74,462,4.5,817,2024-03-05,用起来很方便，推荐
P851148,华为 纸尿裤 Pro,纸尿裤,知名品牌 纸尿裤，精选优质材料，适合各类人群使用。,978.66,348,3.5,325,2025-03-07,和描述的一致，不错
P183845,苹果 纸尿裤 新款,纸尿裤,知名品牌出品纸尿裤，深受消费者喜爱，口碑之选。,589.66,19,5.0,753,2024-04-22,性价比高，值得购买
P357845,华为 儿童玩具 Pro,儿童玩具,知名品牌 儿童玩具，精选优质材料，适合各类人群使用。,342.24,2857,3.0,69,2024-09-30,和描述的一致，不错
P490846,vivo 水果礼盒 经典款,水果礼盒,知名品牌 水果礼盒，精选优质材料，适合各类人群使用。,645.05,990,4.0,23,2024-01-13,用起来很方便，推荐
P944175,OPPO 电饭煲 Pro,电饭煲,新款知名品牌 电饭煲，采用先进工艺，品质保证。,852.18,335,3.5,773,2025-02-07,和描述的一致，不错
P874723,小米 平板电脑 经典款,平板电脑,新款知名品牌 平板电脑，采用先进工艺，品质保证。,3579.45,4982,4.5,868,2023-12-03,用起来很方便，推荐
P393250,OPPO 洗发水 经典款,洗发水,知名品牌出品洗发水，深受消费者喜爱，口碑之选。,555.2,247,3.5,847,2024-07-06,有点小瑕疵，但总体还行
P200425,vivo 洗发水 经典款,洗发水,知名品牌出品洗发水，深受消费者喜爱，口碑之选。,157.18,1931,4.5,691,2024-09-12,用起来很方便，推荐
P261196,小米 平板电脑 Pro,平板电脑,新款知名品牌 平板电脑，采用先进工艺，品质保证。,2788.01,2914,3.5,731,2024-04-06,有点小瑕疵，但总体还行
P716672,vivo 智能手表 青春版,智能手表,知名品牌出品智能手表，深受消费者喜爱，口碑之选。,2388.61,3211,4.0,837,2023-10-21,性价比高，值得购买
P978673,SK-II 保湿面霜 新款,保湿面霜,雅诗兰黛出品保湿面霜，深受消费者喜爱，口碑之选。,1490.14,465,5.0,183,2024-11-08,质量很好，非常满意
P676378,苹果 口红 Pro,口红,知名品牌 口红，精选优质材料，适合各类人群使用。,307.49,2595,4.5,540,2023-08-23,性价比高，值得购买
P774863,华为 智能手表 青春版,智能手表,知名品牌 智能手表，精选优质材料，适合各类人群使用。,960.6,95,4.0,737,2025-04-01,质量很好，非常满意
P819636,vivo 洗发水 Pro,洗发水,知名品牌 洗发水，精选优质材料，适合各类人群使用。,529.07,33,4.5,546,2025-06-13,性价比高，值得购买
P165672,苹果 运动鞋 青春版,运动鞋,知名品牌出品运动鞋，深受消费者喜爱，口碑之选。,602.05,80,4.0,921,2025-05-11,质量很好，非常满意
P289057,ZARA 男士T恤 Pro,男士T恤,ZARA 男士T恤，精选优质材料，适合各类人群使用。,197.34,75,4.5,596,2024-11-04,质量很好，非常满意
P282377,OPPO 运动鞋 新款,运动鞋,知名品牌 运动鞋，精选优质材料，适合各类人群使用。,359.85,2062,5.0,574,2024-12-31,质量很好，非常满意
P653102,小米 智能手机 经典款,智能手机,小米 智能手机，精选优质材料，适合各类人群使用。,7662.03,247,4.0,674,2024-03-16,用起来很方便，推荐
P506271,洽洽 休闲零食 Pro,休闲零食,新款洽洽 休闲零食，采用先进工艺，品质保证。,60.44,87,4.5,780,2024-02-05,性价比高，值得购买
P613735,苹果 口红 青春版,口红,知名品牌出品口红，深受消费者喜爱，口碑之选。,121.34,111,4.0,172,2024-09-15,用起来很方便，推荐
P600024,vivo 牛仔裤 新款,牛仔裤,新款知名品牌 牛仔裤，采用先进工艺，品质保证。,730.1,409,3.0,349,2024-07-09,和描述的一致，不错
P363133,小米 吸尘器 青春版,吸尘器,知名品牌出品吸尘器，深受消费者喜爱，口碑之选。,785.67,802,4.0,898,2024-01-20,用起来很方便，推荐
P591023,华为 运动鞋 青春版,运动鞋,新款知名品牌 运动鞋，采用先进工艺，品质保证。,1451.68,317,5.0,56,2023-10-01,用起来很方便，推荐
P282947,vivo 牛奶 青春版,牛奶,新款知名品牌 牛奶，采用先进工艺，品质保证。,963.94,41,4.5,838,2023-09-17,质量很好，非常满意
P263917,苹果 婴儿奶粉 新款,婴儿奶粉,知名品牌出品婴儿奶粉，深受消费者喜爱，口碑之选。,201.81,64,3.5,988,2024-06-29,有点小瑕疵，但总体还行
P620029,vivo 智能手机 青春版,智能手机,新款小米 智能手机，采用先进工艺，品质保证。,3810.16,64,4.5,213,2024-02-27,质量很好，非常满意
P992563,洽洽 休闲零食 经典款,休闲零食,新款洽洽 休闲零食，采用先进工艺，品质保证。,763.08,197,5.0,868,2024-02-21,用起来很方便，推荐
P692209,OPPO 婴儿车 新款,婴儿车,新款知名品牌 婴儿车，采用先进工艺，品质保证。,811.99,4178,4.5,280,2024-10-19,质量很好，非常满意
P290455,小米 智能手机 青春版,智能手机,小米 智能手机，精选优质材料，适合各类人群使用。,1243.91,399,4.0,774,2024-03-30,用起来很方便，推荐
P462096,vivo 防晒霜 Pro,防晒霜,知名品牌 防晒霜，精选优质材料，适合各类人群使用。,465.37,347,4.0,98,2025-02-18,性价比高，值得购买
P117453,徐福记 休闲零食 青春版,休闲零食,良品铺子 休闲零食，精选优质材料，适合各类人群使用。,244.26,2181,4.0,399,2024-10-10,性价比高，值得购买
P352688,优衣库 男士T恤 Pro,男士T恤,新款杰克琼斯 男士T恤，采用先进工艺，品质保证。,375.26,4453,2.5,318,2023-10-08,不太符合预期
P190035,小米 智能手表 经典款,智能手表,知名品牌 智能手表，精选优质材料，适合各类人群使用。,596.13,484,4.5,692,2023-09-21,用起来很方便，推荐
P626980,苹果 牛奶 新款,牛奶,新款知名品牌 牛奶，采用先进工艺，品质保证。,423.3,140,4.5,560,2025-03-19,性价比高，值得购买
P799979,洽洽 休闲零食 Pro,休闲零食,徐福记 休闲零食，精选优质材料，适合各类人群使用。,87.66,162,5.0,227,2024-10-10,性价比高，值得购买
P220056,vivo 儿童玩具 Pro,儿童玩具,新款知名品牌 儿童玩具，采用先进工艺，品质保证。,480.54,320,4.0,452,2025-06-21,用起来很方便，推荐
P179702,苹果 牛仔裤 经典款,牛仔裤,新款知名品牌 牛仔裤，采用先进工艺，品质保证。,669.3,219,3.5,851,2025-04-02,有点小瑕疵，但总体还行
P659033,优衣库 男士T恤 青春版,男士T恤,ZARA出品男士T恤，深受消费者喜爱，口碑之选。,425.2,33,3.0,170,2023-10-21,和描述的一致，不错
P107366,华为 笔记本电脑 青春版,笔记本电脑,华为 笔记本电脑，精选优质材料，适合各类人群使用。,7210.97,347,5.0,867,2023-08-20,用起来很方便，推荐
P673792,优衣库 男士T恤 青春版,男士T恤,耐克出品男士T恤，深受消费者喜爱，口碑之选。,288.96,231,4.0,895,2024-01-03,用起来很方便，推荐
P103820,苹果 水果礼盒 新款,水果礼盒,新款知名品牌 水果礼盒，采用先进工艺，品质保证。,928.51,131,3.5,75,2025-03-18,有点小瑕疵，但总体还行
P768157,苹果 智能手表 Pro,智能手表,知名品牌出品智能手表，深受消费者喜爱，口碑之选。,2935.21,3922,5.0,710,2025-03-25,性价比高，值得购买
P171334,小米 平板电脑 新款,平板电脑,知名品牌出品平板电脑，深受消费者喜爱，口碑之选。,2430.26,4552,4.0,816,2024-06-07,用起来很方便，推荐
P179480,华为 儿童玩具 Pro,儿童玩具,新款知名品牌 儿童玩具，采用先进工艺，品质保证。,243.4,132,4.5,217,2024-09-27,性价比高，值得购买
P874559,华为 平板电脑 青春版,平板电脑,新款知名品牌 平板电脑，采用先进工艺，品质保证。,2343.98,2705,2.5,851,2025-03-29,不太符合预期
P656440,华为 防晒霜 经典款,防晒霜,知名品牌出品防晒霜，深受消费者喜爱，口碑之选。,836.07,4423,4.0,330,2024-08-28,用起来很方便，推荐
P519010,罗莱家纺 床上四件套 青春版,床上四件套,梦洁出品床上四件套，深受消费者喜爱，口碑之选。,168.13,308,4.0,568,2023-11-16,性价比高，值得购买
P446035,三只松鼠 休闲零食 经典款,休闲零食,良品铺子 休闲零食，精选优质材料，适合各类人群使用。,625.55,451,4.5,539,2024-02-22,用起来很方便，推荐
P791225,ZARA 男士T恤 青春版,男士T恤,耐克出品男士T恤，深受消费者喜爱，口碑之选。,283.07,2608,3.5,255,2025-03-21,有点小瑕疵，但总体还行
P122251,OPPO 婴儿奶粉 Pro,婴儿奶粉,新款知名品牌 婴儿奶粉，采用先进工艺，品质保证。,897.28,266,5.0,931,2023-08-19,用起来很方便，推荐
P431804,华为 儿童玩具 Pro,儿童玩具,新款知名品牌 儿童玩具，采用先进工艺，品质保证。,891.48,4094,4.0,523,2023-11-04,用起来很方便，推荐
P844309,小米 牛奶 Pro,牛奶,知名品牌出品牛奶，深受消费者喜爱，口碑之选。,519.33,301,3.5,27,2024-02-05,和描述的一致，不错
P198277,华为 牛仔裤 Pro,牛仔裤,知名品牌出品牛仔裤，深受消费者喜爱，口碑之选。,260.84,217,4.5,979,2023-09-22,用起来很方便，推荐
P519509,华为 吸尘器 青春版,吸尘器,知名品牌 吸尘器，精选优质材料，适合各类人群使用。,966.49,125,3.0,126,2024-04-23,和描述的一致，不错
P288940,小米 女士连衣裙 Pro,女士连衣裙,知名品牌出品女士连衣裙，深受消费者喜爱，口碑之选。,804.28,1796,3.0,414,2024-01-25,和描述的一致，不错
P753688,华为 智能手机 Pro,智能手机,小米出品智能手机，深受消费者喜爱，口碑之选。,3483.44,93,4.0,443,2024-03-13,性价比高，值得购买
P684922,苹果 口红 Pro,口红,知名品牌 口红，精选优质材料，适合各类人群使用。,153.41,412,5.0,555,2025-06-10,质量很好，非常满意
P748176,vivo 牛奶 新款,牛奶,知名品牌出品牛奶，深受消费者喜爱，口碑之选。,737.18,2329,1.5,748,2025-03-28,不太符合预期
P999831,小米 咖啡 经典款,咖啡,知名品牌 咖啡，精选优质材料，适合各类人群使用。,552.38,215,4.5,67,2024-07-27,性价比高，值得购买
P535820,华为 女士连衣裙 新款,女士连衣裙,知名品牌出品女士连衣裙，深受消费者喜爱，口碑之选。,992.51,4837,3.5,848,2024-03-14,和描述的一致，不错
P900099,小米 运动鞋 Pro,运动鞋,知名品牌 运动鞋，精选优质材料，适合各类人群使用。,1371.67,1740,4.5,704,2024-12-29,性价比高，值得购买
P662576,杰克琼斯 男士T恤 经典款,男士T恤,新款H&M 男士T恤，采用先进工艺，品质保证。,366.95,1355,5.0,234,2025-07-17,用起来很方便，推荐
P327771,华为 儿童玩具 经典款,儿童玩具,知名品牌 儿童玩具，精选优质材料，适合各类人群使用。,139.74,928,1.5,666,2024-01-20,不太符合预期
P632136,华为 牛奶 经典款,牛奶,知名品牌 牛奶，精选优质材料，适合各类人群使用。,344.73,138,3.5,41,2024-09-30,和描述的一致，不错
P688665,华为 水果礼盒 新款,水果礼盒,新款知名品牌 水果礼盒，采用先进工艺，品质保证。,201.12,352,2.5,526,2024-06-06,不太符合预期
P898858,联想 笔记本电脑 新款,笔记本电脑,新款苹果 笔记本电脑，采用先进工艺，品质保证。,9416.05,329,4.5,459,2024-04-02,性价比高，值得购买
P355843,华为 智能手机 新款,智能手机,苹果出品智能手机，深受消费者喜爱，口碑之选。,7660.2,1019,4.0,137,2023-08-29,性价比高，值得购买
P229506,苹果 口红 新款,口红,新款知名品牌 口红，采用先进工艺，品质保证。,494.2,212,5.0,421,2025-06-21,性价比高，值得购买
P161329,苹果 智能手表 经典款,智能手表,新款知名品牌 智能手表，采用先进工艺，品质保证。,2832.61,673,4.0,926,2025-04-21,用起来很方便，推荐
P334161,OPPO 口红 Pro,口红,知名品牌 口红，精选优质材料，适合各类人群使用。,62.11,285,5.0,687,2024-01-10,用起来很方便，推荐
P301830,vivo 运动鞋 青春版,运动鞋,知名品牌出品运动鞋，深受消费者喜爱，口碑之选。,317.18,365,5.0,610,2023-11-04,性价比高，值得购买
P386330,小米 洗发水 Pro,洗发水,新款知名品牌 洗发水，采用先进工艺，品质保证。,817.06,297,5.0,369,2024-05-25,质量很好，非常满意
P375695,vivo 咖啡 经典款,咖啡,知名品牌 咖啡，精选优质材料，适合各类人群使用。,982.59,230,4.0,540,2025-02-01,质量很好，非常满意
P928066,梦洁 床上四件套 经典款,床上四件套,富安娜出品床上四件套，深受消费者喜爱，口碑之选。,70.14,1019,4.5,353,2024-09-14,质量很好，非常满意
P270824,vivo 婴儿奶粉 Pro,婴儿奶粉,知名品牌 婴儿奶粉，精选优质材料，适合各类人群使用。,964.17,486,2.5,389,2023-09-15,不太符合预期
P917585,小米 智能手机 新款,智能手机,华为出品智能手机，深受消费者喜爱，口碑之选。,1267.88,30,3.0,933,2025-07-23,和描述的一致，不错
P136569,vivo 智能手表 新款,智能手表,知名品牌 智能手表，精选优质材料，适合各类人群使用。,1076.18,62,3.0,387,2024-01-19,和描述的一致，不错
P435808,百草味 休闲零食 新款,休闲零食,洽洽 休闲零食，精选优质材料，适合各类人群使用。,488.64,479,3.0,70,2024-05-20,和描述的一致，不错
P618624,小米 婴儿奶粉 新款,婴儿奶粉,新款知名品牌 婴儿奶粉，采用先进工艺，品质保证。,940.95,460,4.0,725,2025-03-14,性价比高，值得购买
P340617,华为 智能手表 Pro,智能手表,知名品牌 智能手表，精选优质材料，适合各类人群使用。,1229.95,48,3.5,239,2025-07-26,有点小瑕疵，但总体还行
P516214,华为 智能手机 新款,智能手机,vivo出品智能手机，深受消费者喜爱，口碑之选。,4655.85,446,4.5,944,2024-10-01,质量很好，非常满意
P714025,vivo 吸尘器 Pro,吸尘器,知名品牌出品吸尘器，深受消费者喜爱，口碑之选。,379.12,315,4.0,987,2024-05-23,质量很好，非常满意
P588041,小米 洗发水 青春版,洗发水,新款知名品牌 洗发水，采用先进工艺，品质保证。,972.83,421,3.5,454,2024-03-12,和描述的一致，不错
P821763,华为 电饭煲 新款,电饭煲,新款知名品牌 电饭煲，采用先进工艺，品质保证。,740.87,377,3.0,163,2024-03-13,有点小瑕疵，但总体还行
P991120,小米 吸尘器 新款,吸尘器,知名品牌 吸尘器，精选优质材料，适合各类人群使用。,800.36,135,2.5,1,2024-11-13,不太符合预期
P767393,多喜爱 床上四件套 经典款,床上四件套,梦洁 床上四件套，精选优质材料，适合各类人群使用。,260.44,210,4.5,163,2023-10-11,质量很好，非常满意
P402756,苹果 牛奶 新款,牛奶,知名品牌出品牛奶，深受消费者喜爱，口碑之选。,618.21,4466,3.5,328,2024-01-13,有点小瑕疵，但总体还行
P457907,华为 水果礼盒 经典款,水果礼盒,新款知名品牌 水果礼盒，采用先进工艺，品质保证。,378.54,334,3.5,678,2024-09-22,有点小瑕疵，但总体还行
P416672,苹果 牛仔裤 Pro,牛仔裤,知名品牌出品牛仔裤，深受消费者喜爱，口碑之选。,334.66,163,3.5,396,2024-10-07,有点小瑕疵，但总体还行
P594043,小米 纸尿裤 青春版,纸尿裤,知名品牌 纸尿裤，精选优质材料，适合各类人群使用。,669.38,325,5.0,515,2024-08-07,性价比高，值得购买
P781508,SK-II 保湿面霜 新款,保湿面霜,新款SK-II 保湿面霜，采用先进工艺，品质保证。,120.6,224,2.0,737,2023-11-19,不太符合预期
P347419,vivo 婴儿奶粉 经典款,婴儿奶粉,知名品牌 婴儿奶粉，精选优质材料，适合各类人群使用。,427.4,373,4.0,549,2025-04-21,用起来很方便，推荐
P391972,水星家纺 床上四件套 Pro,床上四件套,梦洁出品床上四件套，深受消费者喜爱，口碑之选。,519.39,342,5.0,229,2024-01-27,性价比高，值得购买
P722485,OPPO 牛奶 青春版,牛奶,新款知名品牌 牛奶，采用先进工艺，品质保证。,419.63,95,2.0,22,2024-01-15,不太符合预期
P299734,OPPO 纸尿裤 经典款,纸尿裤,知名品牌出品纸尿裤，深受消费者喜爱，口碑之选。,48.81,701,2.5,585,2025-06-11,不太符合预期
P944149,华为 婴儿车 经典款,婴儿车,知名品牌出品婴儿车，深受消费者喜爱，口碑之选。,869.18,960,3.5,597,2023-08-26,有点小瑕疵，但总体还行
P390526,水星家纺 床上四件套 经典款,床上四件套,梦洁出品床上四件套，深受消费者喜爱，口碑之选。,704.59,440,4.0,766,2024-02-12,用起来很方便，推荐
P360557,小米 口红 青春版,口红,知名品牌出品口红，深受消费者喜爱，口碑之选。,96.13,208,3.0,611,2025-03-20,有点小瑕疵，但总体还行
P855543,小米 咖啡 新款,咖啡,知名品牌 咖啡，精选优质材料，适合各类人群使用。,56.77,313,5.0,69,2023-10-13,用起来很方便，推荐
P205612,苹果 咖啡 Pro,咖啡,新款知名品牌 咖啡，采用先进工艺，品质保证。,290.21,1809,2.0,140,2025-02-11,不太符合预期
P269925,华为 运动鞋 经典款,运动鞋,知名品牌 运动鞋，精选优质材料，适合各类人群使用。,1206.86,358,3.5,442,2024-02-12,有点小瑕疵，但总体还行
P262003,OPPO 电饭煲 Pro,电饭煲,新款知名品牌 电饭煲，采用先进工艺，品质保证。,922.69,312,3.0,260,2024-10-15,有点小瑕疵，但总体还行
P274962,小米 儿童玩具 新款,儿童玩具,新款知名品牌 儿童玩具，采用先进工艺，品质保证。,506.29,379,4.5,81,2024-12-09,质量很好，非常满意
P445176,苹果 吸尘器 新款,吸尘器,新款知名品牌 吸尘器，采用先进工艺，品质保证。,535.07,215,4.5,633,2024-04-27,用起来很方便，推荐
P151943,苹果 牛仔裤 新款,牛仔裤,知名品牌 牛仔裤，精选优质材料，适合各类人群使用。,663.72,114,4.5,837,2024-01-16,性价比高，值得购买
P132583,梦洁 床上四件套 青春版,床上四件套,富安娜出品床上四件套，深受消费者喜爱，口碑之选。,54.82,254,2.5,593,2023-12-28,不太符合预期
P714748,vivo 口红 Pro,口红,新款知名品牌 口红，采用先进工艺，品质保证。,428.86,495,4.0,962,2024-10-01,质量很好，非常满意
P701570,华为 牛奶 经典款,牛奶,新款知名品牌 牛奶，采用先进工艺，品质保证。,177.31,170,4.5,369,2024-08-09,质量很好，非常满意
P927554,百草味 休闲零食 青春版,休闲零食,徐福记 休闲零食，精选优质材料，适合各类人群使用。,841.73,1803,3.5,962,2025-06-01,和描述的一致，不错
P245366,资生堂 保湿面霜 Pro,保湿面霜,新款资生堂 保湿面霜，采用先进工艺，品质保证。,1589.79,174,3.0,25,2025-08-03,有点小瑕疵，但总体还行
P249835,苹果 婴儿奶粉 Pro,婴儿奶粉,新款知名品牌 婴儿奶粉，采用先进工艺，品质保证。,211.69,436,4.0,803,2025-02-25,质量很好，非常满意
P499820,vivo 牛奶 Pro,牛奶,知名品牌出品牛奶，深受消费者喜爱，口碑之选。,960.3,4345,4.5,561,2025-07-11,性价比高，值得购买
P275100,苹果 咖啡 Pro,咖啡,知名品牌 咖啡，精选优质材料，适合各类人群使用。,15.87,4131,3.5,945,2023-12-05,有点小瑕疵，但总体还行
P396643,小米 口红 Pro,口红,知名品牌出品口红，深受消费者喜爱，口碑之选。,411.48,87,4.0,158,2023-09-27,质量很好，非常满意
P233796,苹果 牛奶 Pro,牛奶,知名品牌出品牛奶，深受消费者喜爱，口碑之选。,785.48,370,4.0,508,2024-08-27,用起来很方便，推荐
P550367,洽洽 休闲零食 经典款,休闲零食,百草味出品休闲零食，深受消费者喜爱，口碑之选。,704.58,87,4.0,67,2023-08-16,性价比高，值得购买
P562951,vivo 女士连衣裙 Pro,女士连衣裙,知名品牌出品女士连衣裙，深受消费者喜爱，口碑之选。,233.75,90,3.0,752,2024-08-17,有点小瑕疵，但总体还行
P293530,vivo 智能手表 新款,智能手表,新款知名品牌 智能手表，采用先进工艺，品质保证。,2908.82,51,4.5,548,2025-05-15,用起来很方便，推荐
P885931,华为 咖啡 经典款,咖啡,知名品牌出品咖啡，深受消费者喜爱，口碑之选。,70.39,86,3.5,392,2024-12-05,有点小瑕疵，但总体还行
P536080,小米 平板电脑 Pro,平板电脑,知名品牌出品平板电脑，深受消费者喜爱，口碑之选。,5999.79,418,4.5,599,2023-09-20,用起来很方便，推荐
P508673,OPPO 台灯 Pro,台灯,知名品牌 台灯，精选优质材料，适合各类人群使用。,849.95,406,3.0,105,2023-11-23,和描述的一致，不错
P415976,华为 笔记本电脑 新款,笔记本电脑,新款惠普 笔记本电脑，采用先进工艺，品质保证。,10913.84,400,3.5,836,2025-07-12,有点小瑕疵，但总体还行
P596617,小米 婴儿奶粉 Pro,婴儿奶粉,知名品牌 婴儿奶粉，精选优质材料，适合各类人群使用。,216.56,128,4.5,720,2024-10-15,用起来很方便，推荐
P223838,苹果 口红 新款,口红,知名品牌 口红，精选优质材料，适合各类人群使用。,252.88,378,4.0,669,2024-09-01,性价比高，值得购买
P330144,苹果 平板电脑 新款,平板电脑,知名品牌出品平板电脑，深受消费者喜爱，口碑之选。,1912.33,139,3.0,445,2024-03-22,和描述的一致，不错
P930037,苹果 水果礼盒 Pro,水果礼盒,新款知名品牌 水果礼盒，采用先进工艺，品质保证。,32.62,392,3.5,649,2023-09-20,和描述的一致，不错
P354197,小米 牛仔裤 青春版,牛仔裤,知名品牌 牛仔裤，精选优质材料，适合各类人群使用。,796.63,257,5.0,576,2024-03-12,性价比高，值得购买
P709655,小米 纸尿裤 Pro,纸尿裤,知名品牌出品纸尿裤，深受消费者喜爱，口碑之选。,697.27,87,4.5,239,2024-04-02,用起来很方便，推荐
P689042,OPPO 水果礼盒 Pro,水果礼盒,知名品牌出品水果礼盒，深受消费者喜爱，口碑之选。,845.61,485,2.5,618,2023-10-09,不太符合预期
P512356,小米 智能手表 新款,智能手表,新款知名品牌 智能手表，采用先进工艺，品质保证。,725.07,247,2.5,465,2024-11-29,不太符合预期
P373110,OPPO 婴儿奶粉 Pro,婴儿奶粉,知名品牌 婴儿奶粉，精选优质材料，适合各类人群使用。,984.41,54,4.5,236,2025-02-22,质量很好，非常满意
P972902,vivo 智能手机 青春版,智能手机,vivo 智能手机，精选优质材料，适合各类人群使用。,4997.47,200,3.0,574,2025-03-09,和描述的一致，不错
P611771,OPPO 婴儿车 新款,婴儿车,知名品牌出品婴儿车，深受消费者喜爱，口碑之选。,292.83,274,3.0,420,2025-01-10,和描述的一致，不错
P972219,华为 平板电脑 Pro,平板电脑,新款知名品牌 平板电脑，采用先进工艺，品质保证。,4285.11,12933,4.0,103,2024-04-13,质量很好，非常满意
P767208,vivo 婴儿车 经典款,婴儿车,知名品牌 婴儿车，精选优质材料，适合各类人群使用。,958.1,376,3.5,250,2025-01-20,和描述的一致，不错
P364858,华为 平板电脑 Pro,平板电脑,知名品牌 平板电脑，精选优质材料，适合各类人群使用。,3595.76,34,4.5,937,2023-12-26,用起来很方便，推荐
P226978,苹果 纸尿裤 新款,纸尿裤,知名品牌 纸尿裤，精选优质材料，适合各类人群使用。,656.57,426,4.0,645,2023-10-31,用起来很方便，推荐
P235033,华为 笔记本电脑 经典款,笔记本电脑,新款苹果 笔记本电脑，采用先进工艺，品质保证。,10002.33,153,4.5,783,2024-11-19,用起来很方便，推荐
P207215,梦洁 床上四件套 经典款,床上四件套,新款多喜爱 床上四件套，采用先进工艺，品质保证。,557.64,18,3.5,96,2024-08-30,和描述的一致，不错
P121201,苹果 口红 Pro,口红,知名品牌出品口红，深受消费者喜爱，口碑之选。,205.88,4932,4.5,293,2024-02-19,性价比高，值得购买
P525680,戴尔 笔记本电脑 青春版,笔记本电脑,惠普出品笔记本电脑，深受消费者喜爱，口碑之选。,10867.74,303,4.5,89,2024-06-23,用起来很方便，推荐
P862595,华为 女士连衣裙 青春版,女士连衣裙,知名品牌 女士连衣裙，精选优质材料，适合各类人群使用。,660.3,387,3.5,990,2024-01-03,和描述的一致，不错
P446367,vivo 口红 新款,口红,新款知名品牌 口红，采用先进工艺，品质保证。,238.92,28,4.5,790,2025-08-05,质量很好，非常满意
P471675,苹果 口红 新款,口红,知名品牌出品口红，深受消费者喜爱，口碑之选。,327.48,1631,4.5,421,2024-12-29,质量很好，非常满意
P168630,优衣库 男士T恤 Pro,男士T恤,新款ZARA 男士T恤，采用先进工艺，品质保证。,298.89,384,4.5,660,2024-08-30,性价比高，值得购买
P749114,苹果 智能手表 青春版,智能手表,知名品牌出品智能手表，深受消费者喜爱，口碑之选。,974.94,292,4.0,445,2025-05-06,质量很好，非常满意
P117478,苹果 台灯 经典款,台灯,知名品牌 台灯，精选优质材料，适合各类人群使用。,874.15,1724,4.5,40,2025-04-13,质量很好，非常满意
P843537,华为 牛仔裤 青春版,牛仔裤,新款知名品牌 牛仔裤，采用先进工艺，品质保证。,451.36,81,4.0,241,2024-06-29,用起来很方便，推荐
P701384,OPPO 吸尘器 经典款,吸尘器,知名品牌出品吸尘器，深受消费者喜爱，口碑之选。,355.9,3401,3.5,776,2025-04-05,有点小瑕疵，但总体还行
P658467,苹果 运动鞋 新款,运动鞋,知名品牌出品运动鞋，深受消费者喜爱，口碑之选。,490.59,55,5.0,474,2024-04-03,用起来很方便，推荐
P606162,苹果 婴儿奶粉 Pro,婴儿奶粉,知名品牌出品婴儿奶粉，深受消费者喜爱，口碑之选。,458.9,674,3.5,699,2023-08-29,有点小瑕疵，但总体还行
P480834,华为 纸尿裤 青春版,纸尿裤,新款知名品牌 纸尿裤，采用先进工艺，品质保证。,77.47,153,3.0,320,2024-01-14,有点小瑕疵，但总体还行
P824709,苹果 防晒霜 青春版,防晒霜,知名品牌出品防晒霜，深受消费者喜爱，口碑之选。,367.64,213,3.0,622,2024-11-25,有点小瑕疵，但总体还行
P205499,苹果 口红 Pro,口红,知名品牌 口红，精选优质材料，适合各类人群使用。,372.41,4742,4.5,630,2024-12-08,性价比高，值得购买
P260383,OPPO 水果礼盒 Pro,水果礼盒,新款知名品牌 水果礼盒，采用先进工艺，品质保证。,234.09,431,3.5,473,2024-07-17,和描述的一致，不错
P981891,华为 牛仔裤 新款,牛仔裤,知名品牌 牛仔裤，精选优质材料，适合各类人群使用。,629.69,2048,5.0,118,2024-12-16,用起来很方便，推荐
P397862,小米 纸尿裤 青春版,纸尿裤,知名品牌出品纸尿裤，深受消费者喜爱，口碑之选。,207.33,256,3.5,351,2024-08-24,有点小瑕疵，但总体还行
P766678,OPPO 女士连衣裙 Pro,女士连衣裙,知名品牌出品女士连衣裙，深受消费者喜爱，口碑之选。,375.25,292,3.0,580,2025-03-10,有点小瑕疵，但总体还行
P189014,多喜爱 床上四件套 经典款,床上四件套,新款梦洁 床上四件套，采用先进工艺，品质保证。,72.91,342,4.5,811,2024-03-08,性价比高，值得购买
P141453,OPPO 智能手机 经典款,智能手机,vivo 智能手机，精选优质材料，适合各类人群使用。,3161.79,70,4.0,899,2025-04-19,质量很好，非常满意
P840579,华为 吸尘器 新款,吸尘器,知名品牌 吸尘器，精选优质材料，适合各类人群使用。,849.99,370,2.5,987,2024-02-14,不太符合预期
P480270,vivo 口红 Pro,口红,新款知名品牌 口红，采用先进工艺，品质保证。,409.8,3979,4.5,726,2023-11-10,性价比高，值得购买
P462942,vivo 电饭煲 青春版,电饭煲,新款知名品牌 电饭煲，采用先进工艺，品质保证。,818.41,151,5.0,669,2024-08-13,用起来很方便，推荐
P719932,OPPO 防晒霜 新款,防晒霜,知名品牌出品防晒霜，深受消费者喜爱，口碑之选。,42.43,204,4.5,141,2024-04-28,用起来很方便，推荐
P211295,苹果 牛仔裤 青春版,牛仔裤,知名品牌 牛仔裤，精选优质材料，适合各类人群使用。,395.75,179,4.0,996,2024-10-04,性价比高，值得购买
P437415,vivo 咖啡 青春版,咖啡,知名品牌 咖啡，精选优质材料，适合各类人群使用。,423.79,177,3.5,591,2024-01-12,有点小瑕疵，但总体还行
P193373,苹果 洗发水 经典款,洗发水,知名品牌 洗发水，精选优质材料，适合各类人群使用。,627.53,431,4.5,768,2024-01-01,性价比高，值得购买
P492138,小米 口红 青春版,口红,新款知名品牌 口红，采用先进工艺，品质保证。,105.12,381,1.5,904,2025-02-28,不太符合预期
P321222,三只松鼠 休闲零食 青春版,休闲零食,洽洽 休闲零食，精选优质材料，适合各类人群使用。,541.48,1164,5.0,71,2024-06-12,性价比高，值得购买
P953519,相宜本草 保湿面霜 经典款,保湿面霜,相宜本草 保湿面霜，精选优质材料，适合各类人群使用。,1784.06,2523,5.0,318,2025-01-28,性价比高，值得购买
P220686,戴尔 笔记本电脑 青春版,笔记本电脑,联想出品笔记本电脑，深受消费者喜爱，口碑之选。,8442.95,42,4.0,244,2025-06-25,质量很好，非常满意
P924883,苹果 水果礼盒 青春版,水果礼盒,知名品牌出品水果礼盒，深受消费者喜爱，口碑之选。,354.2,1397,5.0,692,2025-03-18,性价比高，值得购买
P691806,OPPO 平板电脑 Pro,平板电脑,知名品牌出品平板电脑，深受消费者喜爱，口碑之选。,3075.37,328,3.0,57,2024-12-15,和描述的一致，不错
P275661,联想 笔记本电脑 Pro,笔记本电脑,新款戴尔 笔记本电脑，采用先进工艺，品质保证。,13574.63,439,4.5,382,2025-05-12,质量很好，非常满意
P536887,华为 咖啡 经典款,咖啡,新款知名品牌 咖啡，采用先进工艺，品质保证。,948.92,475,3.5,259,2025-01-14,和描述的一致，不错
P951534,华为 台灯 经典款,台灯,知名品牌 台灯，精选优质材料，适合各类人群使用。,183.76,1188,3.5,972,2025-07-03,有点小瑕疵，但总体还行
P813264,OPPO 牛奶 新款,牛奶,知名品牌出品牛奶，深受消费者喜爱，口碑之选。,939.04,272,4.0,675,2024-05-18,质量很好，非常满意
P152508,苹果 防晒霜 经典款,防晒霜,知名品牌出品防晒霜，深受消费者喜爱，口碑之选。,544.32,2779,1.5,978,2025-01-05,不太符合预期
P374372,OPPO 咖啡 青春版,咖啡,知名品牌 咖啡，精选优质材料，适合各类人群使用。,502.92,270,4.0,879,2024-02-24,性价比高，值得购买
P273650,OPPO 电饭煲 青春版,电饭煲,知名品牌 电饭煲，精选优质材料，适合各类人群使用。,363.26,4467,3.0,904,2024-09-30,和描述的一致，不错
P632811,小米 儿童玩具 Pro,儿童玩具,知名品牌出品儿童玩具，深受消费者喜爱，口碑之选。,171.47,4280,4.0,617,2025-03-30,质量很好，非常满意
P898012,苹果 水果礼盒 青春版,水果礼盒,知名品牌出品水果礼盒，深受消费者喜爱，口碑之选。,282.84,374,4.5,963,2024-09-06,质量很好，非常满意
P446791,华为 婴儿奶粉 新款,婴儿奶粉,新款知名品牌 婴儿奶粉，采用先进工艺，品质保证。,953.67,263,4.0,157,2024-10-09,质量很好，非常满意
P865853,OPPO 智能手机 经典款,智能手机,苹果出品智能手机，深受消费者喜爱，口碑之选。,7505.05,55,3.0,15,2025-05-11,和描述的一致，不错
P186067,惠普 笔记本电脑 Pro,笔记本电脑,新款苹果 笔记本电脑，采用先进工艺，品质保证。,8665.78,299,4.5,54,2025-03-07,质量很好，非常满意
P241834,戴尔 笔记本电脑 经典款,笔记本电脑,新款苹果 笔记本电脑，采用先进工艺，品质保证。,14566.39,344,3.5,123,2024-11-06,有点小瑕疵，但总体还行
P801230,小米 口红 新款,口红,知名品牌出品口红，深受消费者喜爱，口碑之选。,298.68,434,3.0,388,2024-12-24,有点小瑕疵，但总体还行
P297908,vivo 防晒霜 Pro,防晒霜,新款知名品牌 防晒霜，采用先进工艺，品质保证。,655.25,739,3.5,148,2025-07-16,有点小瑕疵，但总体还行
P546811,华为 平板电脑 经典款,平板电脑,知名品牌出品平板电脑，深受消费者喜爱，口碑之选。,3696.52,4194,5.0,385,2025-05-18,性价比高，值得购买
P668202,苹果 吸尘器 Pro,吸尘器,新款知名品牌 吸尘器，采用先进工艺，品质保证。,399.17,495,4.5,442,2024-01-16,性价比高，值得购买
P643556,罗莱家纺 床上四件套 青春版,床上四件套,水星家纺出品床上四件套，深受消费者喜爱，口碑之选。,976.97,6499,5.0,674,2024-12-21,用起来很方便，推荐
P630919,苹果 笔记本电脑 Pro,笔记本电脑,戴尔出品笔记本电脑，深受消费者喜爱，口碑之选。,3613.72,325,3.5,195,2024-12-30,有点小瑕疵，但总体还行
P403584,vivo 智能手表 经典款,智能手表,新款知名品牌 智能手表，采用先进工艺，品质保证。,1221.3,190,4.0,611,2023-11-08,用起来很方便，推荐
P638337,华为 牛奶 新款,牛奶,知名品牌 牛奶，精选优质材料，适合各类人群使用。,804.15,460,3.5,63,2025-05-21,和描述的一致，不错
P683038,vivo 女士连衣裙 Pro,女士连衣裙,知名品牌 女士连衣裙，精选优质材料，适合各类人群使用。,775.37,127,4.0,407,2024-11-15,用起来很方便，推荐
P905719,华为 智能手表 Pro,智能手表,知名品牌 智能手表，精选优质材料，适合各类人群使用。,1773.22,427,5.0,706,2025-05-18,质量很好，非常满意
P537478,小米 平板电脑 新款,平板电脑,知名品牌出品平板电脑，深受消费者喜爱，口碑之选。,4036.98,130,4.5,77,2024-05-12,性价比高，值得购买
P582926,OPPO 女士连衣裙 青春版,女士连衣裙,新款知名品牌 女士连衣裙，采用先进工艺，品质保证。,683.17,415,3.5,334,2024-11-27,有点小瑕疵，但总体还行
P130370,OPPO 婴儿车 青春版,婴儿车,知名品牌 婴儿车，精选优质材料，适合各类人群使用。,139.02,4622,4.5,882,2025-04-26,质量很好，非常满意
P384931,百草味 休闲零食 Pro,休闲零食,新款洽洽 休闲零食，采用先进工艺，品质保证。,208.38,392,3.5,675,2023-09-22,和描述的一致，不错
P430878,小米 婴儿奶粉 Pro,婴儿奶粉,新款知名品牌 婴儿奶粉，采用先进工艺，品质保证。,808.54,147,4.0,280,2024-03-29,用起来很方便，推荐
P903359,苹果 笔记本电脑 青春版,笔记本电脑,联想出品笔记本电脑，深受消费者喜爱，口碑之选。,10774.87,343,4.5,599,2024-09-02,性价比高，值得购买
P476279,H&M 男士T恤 经典款,男士T恤,ZARA 男士T恤，精选优质材料，适合各类人群使用。,153.26,402,4.0,812,2025-01-24,性价比高，值得购买
P237269,华为 咖啡 青春版,咖啡,新款知名品牌 咖啡，采用先进工艺，品质保证。,742.91,350,1.5,895,2024-01-21,不太符合预期
P587664,华为 牛奶 Pro,牛奶,知名品牌 牛奶，精选优质材料，适合各类人群使用。,23.76,954,4.5,529,2024-03-14,质量很好，非常满意
P409467,小米 防晒霜 Pro,防晒霜,新款知名品牌 防晒霜，采用先进工艺，品质保证。,324.89,294,5.0,808,2023-11-15,用起来很方便，推荐
P446845,华为 笔记本电脑 Pro,笔记本电脑,新款戴尔 笔记本电脑，采用先进工艺，品质保证。,14172.19,1298,2.0,21,2024-03-26,不太符合预期
P854216,华为 咖啡 经典款,咖啡,知名品牌出品咖啡，深受消费者喜爱，口碑之选。,964.15,344,4.0,332,2024-10-09,质量很好，非常满意
P840463,OPPO 电饭煲 经典款,电饭煲,知名品牌出品电饭煲，深受消费者喜爱，口碑之选。,91.79,203,4.0,707,2024-01-27,用起来很方便，推荐
P563731,华为 婴儿奶粉 经典款,婴儿奶粉,新款知名品牌 婴儿奶粉，采用先进工艺，品质保证。,190.62,487,4.0,768,2025-01-13,质量很好，非常满意
P156269,华为 智能手表 青春版,智能手表,知名品牌出品智能手表，深受消费者喜爱，口碑之选。,2503.88,397,4.0,958,2024-06-09,性价比高，值得购买
P983670,vivo 咖啡 新款,咖啡,知名品牌 咖啡，精选优质材料，适合各类人群使用。,894.46,439,4.5,440,2024-07-25,性价比高，值得购买
P525164,OPPO 咖啡 Pro,咖啡,知名品牌出品咖啡，深受消费者喜爱，口碑之选。,915.14,2137,3.5,164,2024-03-08,有点小瑕疵，但总体还行
P255013,OPPO 洗发水 经典款,洗发水,知名品牌 洗发水，精选优质材料，适合各类人群使用。,776.79,4846,4.0,812,2024-11-28,用起来很方便，推荐
P433182,OPPO 婴儿奶粉 新款,婴儿奶粉,知名品牌出品婴儿奶粉，深受消费者喜爱，口碑之选。,589.27,269,3.5,714,2024-11-02,有点小瑕疵，但总体还行
P402378,vivo 女士连衣裙 经典款,女士连衣裙,知名品牌出品女士连衣裙，深受消费者喜爱，口碑之选。,276.75,3926,4.0,848,2023-12-12,质量很好，非常满意
P525777,vivo 智能手机 新款,智能手机,华为出品智能手机，深受消费者喜爱，口碑之选。,4151.16,212,2.0,694,2024-08-02,不太符合预期
P393984,水星家纺 床上四件套 青春版,床上四件套,富安娜出品床上四件套，深受消费者喜爱，口碑之选。,636.71,745,5.0,841,2025-05-07,质量很好，非常满意
P301254,苹果 咖啡 青春版,咖啡,新款知名品牌 咖啡，采用先进工艺，品质保证。,398.18,1322,3.0,17,2025-07-25,和描述的一致，不错
P996362,小米 平板电脑 Pro,平板电脑,知名品牌出品平板电脑，深受消费者喜爱，口碑之选。,5840.8,420,5.0,581,2024-12-14,性价比高，值得购买
P285796,苹果 吸尘器 经典款,吸尘器,新款知名品牌 吸尘器，采用先进工艺，品质保证。,80.88,777,2.5,405,2025-02-11,不太符合预期
P473978,小米 智能手表 青春版,智能手表,知名品牌出品智能手表，深受消费者喜爱，口碑之选。,2343.5,399,4.0,737,2024-05-07,性价比高，值得购买
P171452,华为 婴儿车 新款,婴儿车,知名品牌 婴儿车，精选优质材料，适合各类人群使用。,955.88,201,5.0,49,2024-05-30,性价比高，值得购买
P532544,vivo 口红 经典款,口红,新款知名品牌 口红，采用先进工艺，品质保证。,486.6,117,3.0,411,2024-01-18,有点小瑕疵，但总体还行
P611910,华为 婴儿奶粉 经典款,婴儿奶粉,知名品牌出品婴儿奶粉，深受消费者喜爱，口碑之选。,706.5,63,4.5,66,2024-11-10,质量很好，非常满意
P809422,vivo 口红 新款,口红,知名品牌出品口红，深受消费者喜爱，口碑之选。,132.22,2896,4.5,44,2024-04-27,质量很好，非常满意
P821899,徐福记 休闲零食 青春版,休闲零食,徐福记出品休闲零食，深受消费者喜爱，口碑之选。,932.65,118,5.0,531,2023-11-06,用起来很方便，推荐
P844413,华为 笔记本电脑 Pro,笔记本电脑,苹果 笔记本电脑，精选优质材料，适合各类人群使用。,11390.46,270,4.5,330,2025-04-04,性价比高，值得购买
P454792,苹果 咖啡 新款,咖啡,知名品牌出品咖啡，深受消费者喜爱，口碑之选。,377.17,288,2.5,282,2025-04-16,不太符合预期
P140629,华为 咖啡 经典款,咖啡,知名品牌出品咖啡，深受消费者喜爱，口碑之选。,36.46,3934,4.5,11,2024-05-07,质量很好，非常满意
P695361,小米 纸尿裤 Pro,纸尿裤,知名品牌出品纸尿裤，深受消费者喜爱，口碑之选。,959.73,17,5.0,601,2024-02-22,质量很好，非常满意
P188964,徐福记 休闲零食 新款,休闲零食,百草味 休闲零食，精选优质材料，适合各类人群使用。,344.63,265,4.0,351,2023-09-16,性价比高，值得购买
P357376,耐克 男士T恤 新款,男士T恤,杰克琼斯 男士T恤，精选优质材料，适合各类人群使用。,66.99,51,2.5,907,2023-09-12,不太符合预期
P906658,华为 吸尘器 经典款,吸尘器,新款知名品牌 吸尘器，采用先进工艺，品质保证。,25.36,1523,5.0,892,2024-07-15,用起来很方便，推荐
P673542,苹果 口红 新款,口红,知名品牌出品口红，深受消费者喜爱，口碑之选。,434.49,137,4.0,759,2024-12-20,质量很好，非常满意
P575178,OPPO 防晒霜 青春版,防晒霜,新款知名品牌 防晒霜，采用先进工艺，品质保证。,622.1,1331,4.0,705,2024-08-06,性价比高，值得购买
P229588,vivo 儿童玩具 Pro,儿童玩具,新款知名品牌 儿童玩具，采用先进工艺，品质保证。,355.02,1311,5.0,345,2024-01-29,用起来很方便，推荐
P989690,OPPO 儿童玩具 经典款,儿童玩具,知名品牌出品儿童玩具，深受消费者喜爱，口碑之选。,427.65,1224,5.0,506,2024-06-27,用起来很方便，推荐
P986231,苹果 平板电脑 新款,平板电脑,新款知名品牌 平板电脑，采用先进工艺，品质保证。,3597.75,315,4.0,776,2024-12-16,用起来很方便，推荐
P885353,良品铺子 休闲零食 新款,休闲零食,新款三只松鼠 休闲零食，采用先进工艺，品质保证。,802.1,4211,4.5,827,2025-07-30,性价比高，值得购买
P286821,华为 牛奶 青春版,牛奶,知名品牌出品牛奶，深受消费者喜爱，口碑之选。,566.66,18293,5.0,198,2023-11-03,质量很好，非常满意
P514403,杰克琼斯 男士T恤 经典款,男士T恤,新款耐克 男士T恤，采用先进工艺，品质保证。,57.2,408,4.0,941,2025-05-14,用起来很方便，推荐
P390339,OPPO 女士连衣裙 经典款,女士连衣裙,知名品牌 女士连衣裙，精选优质材料，适合各类人群使用。,758.87,472,4.5,391,2024-07-02,用起来很方便，推荐
P673330,vivo 电饭煲 经典款,电饭煲,知名品牌 电饭煲，精选优质材料，适合各类人群使用。,193.59,177,3.0,362,2025-04-08,和描述的一致，不错
P439908,苹果 台灯 经典款,台灯,知名品牌出品台灯，深受消费者喜爱，口碑之选。,91.38,1,2.5,137,2025-03-20,不太符合预期
P954424,OPPO 运动鞋 青春版,运动鞋,知名品牌出品运动鞋，深受消费者喜爱，口碑之选。,632.41,362,5.0,850,2024-04-04,用起来很方便，推荐
P685686,OPPO 水果礼盒 经典款,水果礼盒,知名品牌 水果礼盒，精选优质材料，适合各类人群使用。,751.92,132,3.5,719,2024-03-10,和描述的一致，不错
P717038,苹果 纸尿裤 新款,纸尿裤,知名品牌出品纸尿裤，深受消费者喜爱，口碑之选。,136.35,458,4.5,327,2025-02-21,用起来很方便，推荐
P980080,vivo 水果礼盒 青春版,水果礼盒,知名品牌 水果礼盒，精选优质材料，适合各类人群使用。,40.55,4602,3.5,765,2024-10-28,有点小瑕疵，但总体还行
P247162,苹果 台灯 经典款,台灯,知名品牌出品台灯，深受消费者喜爱，口碑之选。,683.1,1552,5.0,386,2023-12-21,性价比高，值得购买
P102877,良品铺子 休闲零食 Pro,休闲零食,徐福记 休闲零食，精选优质材料，适合各类人群使用。,629.84,116,4.0,733,2024-11-09,性价比高，值得购买
P585514,小米 平板电脑 经典款,平板电脑,知名品牌 平板电脑，精选优质材料，适合各类人群使用。,4417.65,4606,4.5,922,2024-12-09,用起来很方便，推荐
P267885,vivo 纸尿裤 青春版,纸尿裤,新款知名品牌 纸尿裤，采用先进工艺，品质保证。,709.31,161,3.5,624,2023-12-11,有点小瑕疵，但总体还行
P578134,苹果 洗发水 经典款,洗发水,知名品牌出品洗发水，深受消费者喜爱，口碑之选。,750.67,219,4.5,422,2024-11-23,用起来很方便，推荐
P867606,苹果 牛仔裤 青春版,牛仔裤,知名品牌 牛仔裤，精选优质材料，适合各类人群使用。,620.55,344,5.0,261,2024-12-24,质量很好，非常满意
P216467,苹果 牛奶 Pro,牛奶,新款知名品牌 牛奶，采用先进工艺，品质保证。,627.36,216,4.0,203,2025-01-07,性价比高，值得购买
P278628,vivo 口红 青春版,口红,知名品牌 口红，精选优质材料，适合各类人群使用。,360.19,327,3.0,58,2024-09-23,和描述的一致，不错
P953975,小米 儿童玩具 Pro,儿童玩具,知名品牌 儿童玩具，精选优质材料，适合各类人群使用。,774.03,368,4.5,68,2024-02-22,质量很好，非常满意
P628088,华为 婴儿奶粉 青春版,婴儿奶粉,知名品牌 婴儿奶粉，精选优质材料，适合各类人群使用。,518.26,2153,3.5,497,2023-10-28,有点小瑕疵，但总体还行
P153864,苹果 台灯 青春版,台灯,知名品牌出品台灯，深受消费者喜爱，口碑之选。,334.6,366,4.0,628,2025-08-06,用起来很方便，推荐
P668645,相宜本草 保湿面霜 Pro,保湿面霜,新款雅诗兰黛 保湿面霜，采用先进工艺，品质保证。,1540.1,745,2.5,301,2023-11-29,不太符合预期
P754334,雅诗兰黛 保湿面霜 青春版,保湿面霜,资生堂 保湿面霜，精选优质材料，适合各类人群使用。,1195.84,320,4.5,94,2024-06-19,用起来很方便，推荐
P259919,华为 平板电脑 新款,平板电脑,新款知名品牌 平板电脑，采用先进工艺，品质保证。,5903.99,176,3.5,161,2024-03-29,和描述的一致，不错
P707187,OPPO 电饭煲 Pro,电饭煲,新款知名品牌 电饭煲，采用先进工艺，品质保证。,661.71,2158,4.5,686,2023-12-05,性价比高，值得购买
P235939,小米 婴儿车 新款,婴儿车,新款知名品牌 婴儿车，采用先进工艺，品质保证。,788.9,2411,1.5,239,2024-12-21,不太符合预期
P519198,华为 平板电脑 青春版,平板电脑,新款知名品牌 平板电脑，采用先进工艺，品质保证。,5137.52,2745,4.5,623,2024-12-11,质量很好，非常满意
P931749,苹果 智能手机 Pro,智能手机,vivo 智能手机，精选优质材料，适合各类人群使用。,7671.2,42,2.5,659,2025-04-15,不太符合预期
P635216,vivo 牛仔裤 青春版,牛仔裤,新款知名品牌 牛仔裤，采用先进工艺，品质保证。,769.36,399,4.0,128,2024-07-20,质量很好，非常满意
P197583,华为 电饭煲 Pro,电饭煲,知名品牌 电饭煲，精选优质材料，适合各类人群使用。,164.86,4622,5.0,373,2025-02-15,用起来很方便，推荐
P505129,苹果 智能手机 青春版,智能手机,新款OPPO 智能手机，采用先进工艺，品质保证。,2684.69,2761,4.0,119,2023-10-20,用起来很方便，推荐
P447556,华为 智能手机 Pro,智能手机,华为出品智能手机，深受消费者喜爱，口碑之选。,4491.13,396,3.5,435,2023-11-03,有点小瑕疵，但总体还行
P276237,vivo 水果礼盒 经典款,水果礼盒,知名品牌 水果礼盒，精选优质材料，适合各类人群使用。,168.63,125,3.0,311,2024-04-30,有点小瑕疵，但总体还行
P711272,华为 水果礼盒 Pro,水果礼盒,知名品牌出品水果礼盒，深受消费者喜爱，口碑之选。,922.71,411,5.0,147,2025-07-29,质量很好，非常满意
P105745,vivo 电饭煲 经典款,电饭煲,新款知名品牌 电饭煲，采用先进工艺，品质保证。,349.51,369,4.0,88,2024-04-03,质量很好，非常满意
P850518,苹果 牛仔裤 经典款,牛仔裤,知名品牌出品牛仔裤，深受消费者喜爱，口碑之选。,162.46,482,3.5,488,2024-08-08,有点小瑕疵，但总体还行
P332789,华为 吸尘器 Pro,吸尘器,知名品牌 吸尘器，精选优质材料，适合各类人群使用。,16.68,171,5.0,83,2023-11-16,性价比高，值得购买
P139422,洽洽 休闲零食 经典款,休闲零食,良品铺子出品休闲零食，深受消费者喜爱，口碑之选。,624.12,2326,5.0,873,2025-04-14,质量很好，非常满意
P797801,华为 笔记本电脑 新款,笔记本电脑,新款惠普 笔记本电脑，采用先进工艺，品质保证。,14017.95,2648,4.5,183,2025-07-13,性价比高，值得购买
P482332,小米 运动鞋 新款,运动鞋,知名品牌出品运动鞋，深受消费者喜爱，口碑之选。,1177.73,139,4.5,103,2024-12-22,用起来很方便，推荐
P778270,vivo 智能手机 新款,智能手机,新款小米 智能手机，采用先进工艺，品质保证。,6240.02,39,5.0,232,2025-05-31,用起来很方便，推荐
P283132,OPPO 婴儿奶粉 Pro,婴儿奶粉,新款知名品牌 婴儿奶粉，采用先进工艺，品质保证。,586.59,211,3.0,852,2023-12-30,和描述的一致，不错
P155538,vivo 防晒霜 经典款,防晒霜,新款知名品牌 防晒霜，采用先进工艺，品质保证。,781.68,332,4.0,290,2024-08-23,性价比高，值得购买
P249097,小米 牛奶 青春版,牛奶,知名品牌 牛奶，精选优质材料，适合各类人群使用。,154.37,411,4.5,696,2024-12-24,用起来很方便，推荐
P495200,苹果 智能手机 经典款,智能手机,新款华为 智能手机，采用先进工艺，品质保证。,2860.22,353,4.0,785,2025-03-01,用起来很方便，推荐
P215269,vivo 女士连衣裙 青春版,女士连衣裙,知名品牌 女士连衣裙，精选优质材料，适合各类人群使用。,317.41,469,5.0,373,2024-11-05,质量很好，非常满意
P829046,三只松鼠 休闲零食 Pro,休闲零食,三只松鼠 休闲零食，精选优质材料，适合各类人群使用。,470.22,46,4.5,49,2024-03-30,质量很好，非常满意
P266975,小米 台灯 青春版,台灯,知名品牌出品台灯，深受消费者喜爱，口碑之选。,12.07,396,4.5,47,2023-10-20,性价比高，值得购买
P505181,华为 女士连衣裙 经典款,女士连衣裙,知名品牌出品女士连衣裙，深受消费者喜爱，口碑之选。,602.38,332,4.0,756,2024-11-16,用起来很方便，推荐
P776810,OPPO 儿童玩具 经典款,儿童玩具,知名品牌 儿童玩具，精选优质材料，适合各类人群使用。,954.97,2,4.0,294,2025-08-04,用起来很方便，推荐
P181083,OPPO 运动鞋 青春版,运动鞋,知名品牌出品运动鞋，深受消费者喜爱，口碑之选。,718.92,152,3.0,579,2025-07-23,有点小瑕疵，但总体还行
P425547,苹果 平板电脑 新款,平板电脑,知名品牌 平板电脑，精选优质材料，适合各类人群使用。,2434.82,239,3.0,712,2024-06-29,和描述的一致，不错
P241935,华为 牛奶 青春版,牛奶,知名品牌出品牛奶，深受消费者喜爱，口碑之选。,763.21,266,5.0,746,2023-12-13,质量很好，非常满意
P750659,苹果 运动鞋 Pro,运动鞋,新款知名品牌 运动鞋，采用先进工艺，品质保证。,1328.49,229,4.0,413,2025-01-25,用起来很方便，推荐
P277465,华为 防晒霜 经典款,防晒霜,知名品牌出品防晒霜，深受消费者喜爱，口碑之选。,341.96,241,2.0,644,2025-05-18,不太符合预期
P177999,OPPO 水果礼盒 经典款,水果礼盒,新款知名品牌 水果礼盒，采用先进工艺，品质保证。,749.12,423,4.5,197,2025-05-20,性价比高，值得购买
P748059,小米 女士连衣裙 青春版,女士连衣裙,知名品牌出品女士连衣裙，深受消费者喜爱，口碑之选。,234.73,160,3.5,45,2025-06-12,和描述的一致，不错
P856844,多喜爱 床上四件套 新款,床上四件套,新款水星家纺 床上四件套，采用先进工艺，品质保证。,605.57,412,3.0,106,2023-08-21,有点小瑕疵，但总体还行
P191003,华为 防晒霜 青春版,防晒霜,知名品牌 防晒霜，精选优质材料，适合各类人群使用。,908.66,115,4.5,882,2024-02-08,用起来很方便，推荐
P978382,富安娜 床上四件套 新款,床上四件套,多喜爱出品床上四件套，深受消费者喜爱，口碑之选。,709.72,1384,4.5,759,2024-08-04,用起来很方便，推荐
P468388,苹果 洗发水 Pro,洗发水,知名品牌 洗发水，精选优质材料，适合各类人群使用。,498.49,3,4.5,633,2025-02-27,质量很好，非常满意
P214715,苹果 运动鞋 新款,运动鞋,知名品牌 运动鞋，精选优质材料，适合各类人群使用。,594.43,348,2.0,139,2023-12-08,不太符合预期
P101094,vivo 咖啡 经典款,咖啡,新款知名品牌 咖啡，采用先进工艺，品质保证。,418.86,185,4.5,681,2025-01-03,质量很好，非常满意
P689597,vivo 婴儿车 经典款,婴儿车,知名品牌 婴儿车，精选优质材料，适合各类人群使用。,819.88,49,3.0,966,2025-02-25,和描述的一致，不错
P621220,小米 牛奶 青春版,牛奶,新款知名品牌 牛奶，采用先进工艺，品质保证。,674.77,122,4.5,337,2024-05-13,质量很好，非常满意
P965341,小米 口红 新款,口红,知名品牌 口红，精选优质材料，适合各类人群使用。,282.88,209,2.5,275,2024-01-16,不太符合预期
P860887,vivo 电饭煲 新款,电饭煲,知名品牌 电饭煲，精选优质材料，适合各类人群使用。,522.94,428,2.0,479,2024-01-24,不太符合预期
P489724,联想 笔记本电脑 经典款,笔记本电脑,苹果出品笔记本电脑，深受消费者喜爱，口碑之选。,11953.61,360,4.0,217,2024-12-10,质量很好，非常满意
P350407,OPPO 平板电脑 经典款,平板电脑,新款知名品牌 平板电脑，采用先进工艺，品质保证。,2622.18,406,4.0,695,2024-04-28,用起来很方便，推荐
P185072,多喜爱 床上四件套 新款,床上四件套,梦洁出品床上四件套，深受消费者喜爱，口碑之选。,482.3,334,3.5,426,2024-09-14,和描述的一致，不错
P409328,vivo 口红 新款,口红,知名品牌出品口红，深受消费者喜爱，口碑之选。,302.86,4384,2.5,311,2024-01-16,不太符合预期
P740820,ZARA 男士T恤 经典款,男士T恤,新款耐克 男士T恤，采用先进工艺，品质保证。,438.9,276,5.0,72,2024-04-19,性价比高，值得购买
P818076,华为 台灯 Pro,台灯,知名品牌 台灯，精选优质材料，适合各类人群使用。,276.27,151,4.0,524,2024-04-06,性价比高，值得购买
P749226,苹果 儿童玩具 Pro,儿童玩具,新款知名品牌 儿童玩具，采用先进工艺，品质保证。,871.97,341,4.5,251,2025-04-20,性价比高，值得购买
P845660,OPPO 智能手表 Pro,智能手表,新款知名品牌 智能手表，采用先进工艺，品质保证。,673.75,3422,4.5,79,2025-06-25,质量很好，非常满意
P332665,洽洽 休闲零食 青春版,休闲零食,新款百草味 休闲零食，采用先进工艺，品质保证。,245.22,2198,5.0,520,2025-07-26,用起来很方便，推荐
P801512,vivo 女士连衣裙 新款,女士连衣裙,知名品牌出品女士连衣裙，深受消费者喜爱，口碑之选。,175.12,222,4.0,278,2024-05-16,性价比高，值得购买
P436902,华为 牛仔裤 Pro,牛仔裤,知名品牌出品牛仔裤，深受消费者喜爱，口碑之选。,710.67,332,3.5,147,2025-07-23,和描述的一致，不错
P172086,苹果 纸尿裤 新款,纸尿裤,知名品牌出品纸尿裤，深受消费者喜爱，口碑之选。,599.63,360,3.5,346,2024-11-22,和描述的一致，不错
P129606,兰蔻 保湿面霜 Pro,保湿面霜,雅诗兰黛 保湿面霜，精选优质材料，适合各类人群使用。,1341.34,67,4.0,664,2023-12-29,质量很好，非常满意
P936688,小米 智能手表 Pro,智能手表,新款知名品牌 智能手表，采用先进工艺，品质保证。,755.85,4768,4.0,466,2024-01-05,性价比高，值得购买
P798171,徐福记 休闲零食 经典款,休闲零食,良品铺子 休闲零食，精选优质材料，适合各类人群使用。,531.13,138,5.0,823,2025-05-14,性价比高，值得购买
P394534,华为 智能手机 经典款,智能手机,苹果出品智能手机，深受消费者喜爱，口碑之选。,7763.78,840,4.0,869,2023-09-12,性价比高，值得购买
P435127,苹果 牛奶 经典款,牛奶,知名品牌 牛奶，精选优质材料，适合各类人群使用。,456.31,356,2.5,843,2024-07-17,不太符合预期
P991233,小米 智能手表 经典款,智能手表,知名品牌出品智能手表，深受消费者喜爱，口碑之选。,1729.46,19,4.5,108,2024-01-10,用起来很方便，推荐
P122141,小米 牛奶 新款,牛奶,知名品牌出品牛奶，深受消费者喜爱，口碑之选。,307.45,1037,4.5,341,2025-07-24,质量很好，非常满意
P337706,苹果 咖啡 新款,咖啡,新款知名品牌 咖啡，采用先进工艺，品质保证。,810.31,5138,4.0,712,2025-05-27,性价比高，值得购买
P525366,小米 洗发水 新款,洗发水,新款知名品牌 洗发水，采用先进工艺，品质保证。,747.2,257,4.0,780,2025-06-30,用起来很方便，推荐
P391810,vivo 电饭煲 经典款,电饭煲,知名品牌出品电饭煲，深受消费者喜爱，口碑之选。,426.64,3112,4.5,942,2024-01-31,用起来很方便，推荐
P746134,小米 儿童玩具 经典款,儿童玩具,知名品牌 儿童玩具，精选优质材料，适合各类人群使用。,698.28,116,4.5,139,2025-01-02,质量很好，非常满意
P889853,vivo 智能手表 新款,智能手表,新款知名品牌 智能手表，采用先进工艺，品质保证。,2315.82,237,4.0,281,2025-08-10,质量很好，非常满意
P257622,洽洽 休闲零食 新款,休闲零食,良品铺子 休闲零食，精选优质材料，适合各类人群使用。,267.99,3885,1.5,435,2024-10-20,不太符合预期
P761210,小米 台灯 经典款,台灯,知名品牌 台灯，精选优质材料，适合各类人群使用。,144.58,1394,4.0,626,2024-03-25,质量很好，非常满意
P522202,华为 婴儿车 Pro,婴儿车,知名品牌 婴儿车，精选优质材料，适合各类人群使用。,249.45,139,4.5,180,2024-04-04,性价比高，值得购买
P164222,OPPO 吸尘器 新款,吸尘器,知名品牌出品吸尘器，深受消费者喜爱，口碑之选。,758.8,4284,4.0,394,2024-06-03,性价比高，值得购买
P770943,雅诗兰黛 保湿面霜 新款,保湿面霜,新款资生堂 保湿面霜，采用先进工艺，品质保证。,470.64,9,4.0,652,2024-07-04,性价比高，值得购买
P108400,vivo 牛奶 新款,牛奶,知名品牌 牛奶，精选优质材料，适合各类人群使用。,592.47,3242,3.5,499,2025-07-21,有点小瑕疵，但总体还行
P898168,vivo 智能手表 新款,智能手表,新款知名品牌 智能手表，采用先进工艺，品质保证。,1662.37,219,3.0,142,2025-06-22,有点小瑕疵，但总体还行
P496196,苹果 婴儿奶粉 Pro,婴儿奶粉,新款知名品牌 婴儿奶粉，采用先进工艺，品质保证。,540.54,91,3.0,852,2025-06-25,有点小瑕疵，但总体还行
P764193,苹果 儿童玩具 新款,儿童玩具,知名品牌出品儿童玩具，深受消费者喜爱，口碑之选。,214.71,23,5.0,803,2024-07-15,质量很好，非常满意
P918460,水星家纺 床上四件套 青春版,床上四件套,富安娜出品床上四件套，深受消费者喜爱，口碑之选。,958.31,457,2.5,450,2023-10-19,不太符合预期
P923786,苹果 笔记本电脑 Pro,笔记本电脑,新款华为 笔记本电脑，采用先进工艺，品质保证。,5630.28,5,4.5,791,2023-08-19,质量很好，非常满意
P397504,惠普 笔记本电脑 新款,笔记本电脑,华为 笔记本电脑，精选优质材料，适合各类人群使用。,12259.67,248,2.0,402,2025-03-13,不太符合预期
P567415,华为 婴儿奶粉 Pro,婴儿奶粉,知名品牌 婴儿奶粉，精选优质材料，适合各类人群使用。,856.69,161,4.0,152,2025-07-17,质量很好，非常满意
P113387,小米 台灯 Pro,台灯,知名品牌 台灯，精选优质材料，适合各类人群使用。,678.16,2374,3.5,116,2023-12-31,和描述的一致，不错
P616784,小米 儿童玩具 新款,儿童玩具,知名品牌出品儿童玩具，深受消费者喜爱，口碑之选。,973.02,314,2.5,225,2024-07-17,不太符合预期
P649514,小米 婴儿车 新款,婴儿车,新款知名品牌 婴儿车，采用先进工艺，品质保证。,400.23,1902,4.0,728,2025-07-02,质量很好，非常满意
P855341,华为 洗发水 经典款,洗发水,知名品牌 洗发水，精选优质材料，适合各类人群使用。,305.95,334,3.5,75,2023-09-03,有点小瑕疵，但总体还行
P790449,OPPO 女士连衣裙 经典款,女士连衣裙,知名品牌出品女士连衣裙，深受消费者喜爱，口碑之选。,390.04,355,4.5,504,2024-01-28,性价比高，值得购买
P147103,vivo 平板电脑 青春版,平板电脑,新款知名品牌 平板电脑，采用先进工艺，品质保证。,5245.02,226,4.5,10,2024-10-29,性价比高，值得购买
